[{"DocType":810,"Direction":1,"Description":"Invoice","Id":1,"Index":0,"Name":null,"Parent":0,"Usage":null},{"DocType":812,"Direction":1,"Description":"Credit/Debit Adjustment","Id":2,"Index":0,"Name":null,"Parent":0,"Usage":null},{"DocType":820,"Direction":0,"Description":"Customer Remittance Advice","Id":3,"Index":0,"Name":null,"Parent":0,"Usage":null},{"DocType":832,"Direction":1,"Description":"Price/Sales Catalog","Id":4,"Index":0,"Name":null,"Parent":0,"Usage":null},{"DocType":846,"Direction":1,"Description":"Inventory Inquiry/Advice","Id":5,"Index":0,"Name":null,"Parent":0,"Usage":null},{"DocType":850,"Direction":0,"Description":"Purchase Order","Id":6,"Index":0,"Name":null,"Parent":0,"Usage":null},{"DocType":852,"Direction":0,"Description":"Product Activity Data","Id":7,"Index":0,"Name":null,"Parent":0,"Usage":null},{"DocType":855,"Direction":1,"Description":"Purchase Order Acknowledgment","Id":8,"Index":0,"Name":null,"Parent":0,"Usage":null},{"DocType":856,"Direction":1,"Description":"Advance Ship Notice","Id":9,"Index":0,"Name":null,"Parent":0,"Usage":null},{"DocType":860,"Direction":0,"Description":"Purchase Order Change Request","Id":10,"Index":0,"Name":null,"Parent":0,"Usage":null},{"DocType":864,"Direction":0,"Description":"Text Message","Id":11,"Index":0,"Name":null,"Parent":0,"Usage":null},{"DocType":875,"Direction":0,"Description":"Grocery Products Purchase Order","Id":12,"Index":0,"Name":null,"Parent":0,"Usage":null},{"DocType":880,"Direction":1,"Description":"Grocery Products Invoice","Id":13,"Index":0,"Name":null,"Parent":0,"Usage":null},{"DocType":940,"Direction":1,"Description":"Warehouse Shipping Order","Id":14,"Index":0,"Name":null,"Parent":0,"Usage":null},{"DocType":943,"Direction":1,"Description":"Warehouse Stock Transfer Shipment Advice","Id":15,"Index":0,"Name":null,"Parent":0,"Usage":null},{"DocType":944,"Direction":0,"Description":"Warehouse Stock Transfer Receipt Advice","Id":16,"Index":0,"Name":null,"Parent":0,"Usage":null},{"DocType":945,"Direction":0,"Description":"Warehouse Shipping Advice","Id":17,"Index":0,"Name":null,"Parent":0,"Usage":null}]