[{"DocumentId":1,"GroupId":1,"FirstSegment":0,"Id":1,"Index":0,"Name":"SYS","Parent":0,"Usage":null},{"DocumentId":1,"GroupId":1,"FirstSegment":0,"Id":2,"Index":0,"Name":"FACT_ENTETE","Parent":0,"Usage":null},{"DocumentId":1,"GroupId":1,"FirstSegment":0,"Id":3,"Index":0,"Name":"FACT_MESSAGES","Parent":0,"Usage":null},{"DocumentId":1,"GroupId":1,"FirstSegment":0,"Id":4,"Index":0,"Name":"FACT_REF","Parent":0,"Usage":null},{"DocumentId":1,"GroupId":1,"FirstSegment":0,"Id":5,"Index":0,"Name":"FACT_YNQ","Parent":0,"Usage":null},{"DocumentId":1,"GroupId":1,"FirstSegment":0,"Id":6,"Index":0,"Name":"FACT_TERME_PMENT","Parent":0,"Usage":null},{"DocumentId":1,"GroupId":1,"FirstSegment":0,"Id":7,"Index":0,"Name":"FACT_DATES","Parent":0,"Usage":null},{"DocumentId":1,"GroupId":1,"FirstSegment":0,"Id":8,"Index":0,"Name":"FACT_FOB","Parent":0,"Usage":null},{"DocumentId":1,"GroupId":1,"FirstSegment":0,"Id":9,"Index":0,"Name":"FACT_MESURES","Parent":0,"Usage":null},{"DocumentId":1,"GroupId":1,"FirstSegment":0,"Id":10,"Index":0,"Name":"FACT_SOMM_TAXE","Parent":0,"Usage":null},{"DocumentId":1,"GroupId":1,"FirstSegment":0,"Id":11,"Index":0,"Name":"FACT_SOMM_LIVRAIS","Parent":0,"Usage":null},{"DocumentId":1,"GroupId":1,"FirstSegment":0,"Id":12,"Index":0,"Name":"FACT_SOMMAIRE","Parent":0,"Usage":null},{"DocumentId":1,"GroupId":2,"FirstSegment":0,"Id":13,"Index":0,"Name":"FACT_COM_CONTACT","Parent":0,"Usage":null},{"DocumentId":1,"GroupId":2,"FirstSegment":0,"Id":14,"Index":0,"Name":"FACT_ENTITE_COM","Parent":0,"Usage":null},{"DocumentId":1,"GroupId":3,"FirstSegment":0,"Id":15,"Index":0,"Name":"FACT_NOM","Parent":0,"Usage":null},{"DocumentId":1,"GroupId":3,"FirstSegment":0,"Id":16,"Index":0,"Name":"FACT_NOM_SUP","Parent":0,"Usage":null},{"DocumentId":1,"GroupId":3,"FirstSegment":0,"Id":17,"Index":0,"Name":"FACT_ADRESSE_SUP","Parent":0,"Usage":null},{"DocumentId":1,"GroupId":3,"FirstSegment":0,"Id":18,"Index":0,"Name":"FACT_NOM_LOC_GEO","Parent":0,"Usage":null},{"DocumentId":1,"GroupId":3,"FirstSegment":0,"Id":19,"Index":0,"Name":"FACT_NOM_REF","Parent":0,"Usage":null},{"DocumentId":1,"GroupId":4,"FirstSegment":0,"Id":20,"Index":0,"Name":"FACT_NOM_CONTACT","Parent":0,"Usage":null},{"DocumentId":1,"GroupId":4,"FirstSegment":0,"Id":21,"Index":0,"Name":"FACT_NOM_ENTITE_COM","Parent":0,"Usage":null},{"DocumentId":1,"GroupId":5,"FirstSegment":0,"Id":22,"Index":0,"Name":"FACT_REF_MESSAGE","Parent":0,"Usage":null},{"DocumentId":1,"GroupId":5,"FirstSegment":0,"Id":23,"Index":0,"Name":"FACT_MESSAGE_ENTETE","Parent":0,"Usage":null},{"DocumentId":1,"GroupId":6,"FirstSegment":0,"Id":24,"Index":0,"Name":"FACT_ITEM","Parent":0,"Usage":null},{"DocumentId":1,"GroupId":6,"FirstSegment":0,"Id":25,"Index":0,"Name":"FACT_ITEM_QTY","Parent":0,"Usage":null},{"DocumentId":1,"GroupId":6,"FirstSegment":0,"Id":26,"Index":0,"Name":"FACT_ITEM_PRIX","Parent":0,"Usage":null},{"DocumentId":1,"GroupId":6,"FirstSegment":0,"Id":27,"Index":0,"Name":"FACT_ITEM_PAM","Parent":0,"Usage":null},{"DocumentId":1,"GroupId":6,"FirstSegment":0,"Id":28,"Index":0,"Name":"FACT_ITEM_MESURE","Parent":0,"Usage":null},{"DocumentId":1,"GroupId":6,"FirstSegment":0,"Id":29,"Index":0,"Name":"FACT_ITEM_DESC","Parent":0,"Usage":null},{"DocumentId":1,"GroupId":6,"FirstSegment":0,"Id":30,"Index":0,"Name":"FACT_ITEM_TAXE","Parent":0,"Usage":null},{"DocumentId":1,"GroupId":6,"FirstSegment":0,"Id":31,"Index":0,"Name":"FACT_ITEM_TERME","Parent":0,"Usage":null},{"DocumentId":1,"GroupId":6,"FirstSegment":0,"Id":32,"Index":0,"Name":"FACT_CODE_PRODUIT","Parent":0,"Usage":null},{"DocumentId":1,"GroupId":6,"FirstSegment":0,"Id":33,"Index":0,"Name":"FACT_ITEM_REF","Parent":0,"Usage":null},{"DocumentId":1,"GroupId":6,"FirstSegment":0,"Id":34,"Index":0,"Name":"FACT_ITEM_DESTINQTE","Parent":0,"Usage":null},{"DocumentId":1,"GroupId":6,"FirstSegment":0,"Id":35,"Index":0,"Name":"FACT_ITEM_DATES","Parent":0,"Usage":null},{"DocumentId":1,"GroupId":6,"FirstSegment":0,"Id":36,"Index":0,"Name":"FACT_ITEM_CAD","Parent":0,"Usage":null},{"DocumentId":1,"GroupId":7,"FirstSegment":0,"Id":37,"Index":0,"Name":"FACT_ITEM_NOM","Parent":0,"Usage":null},{"DocumentId":1,"GroupId":7,"FirstSegment":0,"Id":38,"Index":0,"Name":"FACT_ITEM_ADRESSE","Parent":0,"Usage":null},{"DocumentId":1,"GroupId":7,"FirstSegment":0,"Id":39,"Index":0,"Name":"FACT_ITEM_LOC_GEO","Parent":0,"Usage":null},{"DocumentId":1,"GroupId":8,"FirstSegment":0,"Id":40,"Index":0,"Name":"FACT_ALLCHARG_ITEM","Parent":0,"Usage":null},{"DocumentId":1,"GroupId":8,"FirstSegment":0,"Id":41,"Index":0,"Name":"FACT_ITEM_SAC_TAXE","Parent":0,"Usage":null},{"DocumentId":1,"GroupId":9,"FirstSegment":0,"Id":42,"Index":0,"Name":"FACT_SOUS_ITEM","Parent":0,"Usage":null},{"DocumentId":1,"GroupId":9,"FirstSegment":0,"Id":43,"Index":0,"Name":"FACT_CODE_SOUS_ITEM","Parent":0,"Usage":null},{"DocumentId":1,"GroupId":10,"FirstSegment":0,"Id":44,"Index":0,"Name":"FACT_SLN_ID","Parent":0,"Usage":null},{"DocumentId":1,"GroupId":10,"FirstSegment":0,"Id":45,"Index":0,"Name":"FACT_BATCH_CODE","Parent":0,"Usage":null},{"DocumentId":1,"GroupId":10,"FirstSegment":0,"Id":46,"Index":0,"Name":"FACT_BATCH_UNIT","Parent":0,"Usage":null},{"DocumentId":1,"GroupId":10,"FirstSegment":0,"Id":47,"Index":0,"Name":"FACT_BATCH_REF","Parent":0,"Usage":null},{"DocumentId":1,"GroupId":10,"FirstSegment":0,"Id":48,"Index":0,"Name":"FACT_BATCH_MEASURE","Parent":0,"Usage":null},{"DocumentId":1,"GroupId":10,"FirstSegment":0,"Id":49,"Index":0,"Name":"FACT_BATCH_DATES","Parent":0,"Usage":null},{"DocumentId":1,"GroupId":11,"FirstSegment":0,"Id":50,"Index":0,"Name":"FACT_SOMM_SAC","Parent":0,"Usage":null},{"DocumentId":1,"GroupId":11,"FirstSegment":0,"Id":51,"Index":0,"Name":"FACT_SOMM_SAC_TAXE","Parent":0,"Usage":null},{"DocumentId":2,"GroupId":12,"FirstSegment":0,"Id":52,"Index":0,"Name":"SYS","Parent":0,"Usage":null},{"DocumentId":2,"GroupId":12,"FirstSegment":0,"Id":53,"Index":0,"Name":"FACT_ENTETE","Parent":0,"Usage":null},{"DocumentId":2,"GroupId":12,"FirstSegment":0,"Id":54,"Index":0,"Name":"FACT_MESSAGES","Parent":0,"Usage":null},{"DocumentId":2,"GroupId":12,"FirstSegment":0,"Id":55,"Index":0,"Name":"FACT_REF","Parent":0,"Usage":null},{"DocumentId":2,"GroupId":12,"FirstSegment":0,"Id":56,"Index":0,"Name":"FACT_YNQ","Parent":0,"Usage":null},{"DocumentId":2,"GroupId":12,"FirstSegment":0,"Id":57,"Index":0,"Name":"FACT_TERME_PMENT","Parent":0,"Usage":null},{"DocumentId":2,"GroupId":12,"FirstSegment":0,"Id":58,"Index":0,"Name":"FACT_DATES","Parent":0,"Usage":null},{"DocumentId":2,"GroupId":12,"FirstSegment":0,"Id":59,"Index":0,"Name":"FACT_FOB","Parent":0,"Usage":null},{"DocumentId":2,"GroupId":12,"FirstSegment":0,"Id":60,"Index":0,"Name":"FACT_MESURES","Parent":0,"Usage":null},{"DocumentId":2,"GroupId":12,"FirstSegment":0,"Id":61,"Index":0,"Name":"FACT_SOMM_TAXE","Parent":0,"Usage":null},{"DocumentId":2,"GroupId":12,"FirstSegment":0,"Id":62,"Index":0,"Name":"FACT_SOMM_LIVRAIS","Parent":0,"Usage":null},{"DocumentId":2,"GroupId":12,"FirstSegment":0,"Id":63,"Index":0,"Name":"FACT_SOMMAIRE","Parent":0,"Usage":null},{"DocumentId":2,"GroupId":13,"FirstSegment":0,"Id":64,"Index":0,"Name":"FACT_COM_CONTACT","Parent":0,"Usage":null},{"DocumentId":2,"GroupId":13,"FirstSegment":0,"Id":65,"Index":0,"Name":"FACT_ENTITE_COM","Parent":0,"Usage":null},{"DocumentId":2,"GroupId":14,"FirstSegment":0,"Id":66,"Index":0,"Name":"FACT_NOM","Parent":0,"Usage":null},{"DocumentId":2,"GroupId":14,"FirstSegment":0,"Id":67,"Index":0,"Name":"FACT_NOM_SUP","Parent":0,"Usage":null},{"DocumentId":2,"GroupId":14,"FirstSegment":0,"Id":68,"Index":0,"Name":"FACT_ADRESSE_SUP","Parent":0,"Usage":null},{"DocumentId":2,"GroupId":14,"FirstSegment":0,"Id":69,"Index":0,"Name":"FACT_NOM_LOC_GEO","Parent":0,"Usage":null},{"DocumentId":2,"GroupId":14,"FirstSegment":0,"Id":70,"Index":0,"Name":"FACT_NOM_REF","Parent":0,"Usage":null},{"DocumentId":2,"GroupId":15,"FirstSegment":0,"Id":71,"Index":0,"Name":"FACT_NOM_CONTACT","Parent":0,"Usage":null},{"DocumentId":2,"GroupId":15,"FirstSegment":0,"Id":72,"Index":0,"Name":"FACT_NOM_ENTITE_COM","Parent":0,"Usage":null},{"DocumentId":2,"GroupId":16,"FirstSegment":0,"Id":73,"Index":0,"Name":"FACT_REF_MESSAGE","Parent":0,"Usage":null},{"DocumentId":2,"GroupId":16,"FirstSegment":0,"Id":74,"Index":0,"Name":"FACT_MESSAGE_ENTETE","Parent":0,"Usage":null},{"DocumentId":2,"GroupId":17,"FirstSegment":0,"Id":75,"Index":0,"Name":"FACT_ITEM","Parent":0,"Usage":null},{"DocumentId":2,"GroupId":17,"FirstSegment":0,"Id":76,"Index":0,"Name":"FACT_ITEM_QTY","Parent":0,"Usage":null},{"DocumentId":2,"GroupId":17,"FirstSegment":0,"Id":77,"Index":0,"Name":"FACT_ITEM_PRIX","Parent":0,"Usage":null},{"DocumentId":2,"GroupId":17,"FirstSegment":0,"Id":78,"Index":0,"Name":"FACT_ITEM_PAM","Parent":0,"Usage":null},{"DocumentId":2,"GroupId":17,"FirstSegment":0,"Id":79,"Index":0,"Name":"FACT_ITEM_MESURE","Parent":0,"Usage":null},{"DocumentId":2,"GroupId":17,"FirstSegment":0,"Id":80,"Index":0,"Name":"FACT_ITEM_DESC","Parent":0,"Usage":null},{"DocumentId":2,"GroupId":17,"FirstSegment":0,"Id":81,"Index":0,"Name":"FACT_ITEM_TAXE","Parent":0,"Usage":null},{"DocumentId":2,"GroupId":17,"FirstSegment":0,"Id":82,"Index":0,"Name":"FACT_ITEM_TERME","Parent":0,"Usage":null},{"DocumentId":2,"GroupId":17,"FirstSegment":0,"Id":83,"Index":0,"Name":"FACT_CODE_PRODUIT","Parent":0,"Usage":null},{"DocumentId":2,"GroupId":17,"FirstSegment":0,"Id":84,"Index":0,"Name":"FACT_ITEM_REF","Parent":0,"Usage":null},{"DocumentId":2,"GroupId":17,"FirstSegment":0,"Id":85,"Index":0,"Name":"FACT_ITEM_DESTINQTE","Parent":0,"Usage":null},{"DocumentId":2,"GroupId":17,"FirstSegment":0,"Id":86,"Index":0,"Name":"FACT_ITEM_DATES","Parent":0,"Usage":null},{"DocumentId":2,"GroupId":17,"FirstSegment":0,"Id":87,"Index":0,"Name":"FACT_ITEM_CAD","Parent":0,"Usage":null},{"DocumentId":2,"GroupId":18,"FirstSegment":0,"Id":88,"Index":0,"Name":"FACT_ITEM_NOM","Parent":0,"Usage":null},{"DocumentId":2,"GroupId":18,"FirstSegment":0,"Id":89,"Index":0,"Name":"FACT_ITEM_ADRESSE","Parent":0,"Usage":null},{"DocumentId":2,"GroupId":18,"FirstSegment":0,"Id":90,"Index":0,"Name":"FACT_ITEM_LOC_GEO","Parent":0,"Usage":null},{"DocumentId":2,"GroupId":19,"FirstSegment":0,"Id":91,"Index":0,"Name":"FACT_ALLCHARG_ITEM","Parent":0,"Usage":null},{"DocumentId":2,"GroupId":19,"FirstSegment":0,"Id":92,"Index":0,"Name":"FACT_ITEM_SAC_TAXE","Parent":0,"Usage":null},{"DocumentId":2,"GroupId":20,"FirstSegment":0,"Id":93,"Index":0,"Name":"FACT_SOUS_ITEM","Parent":0,"Usage":null},{"DocumentId":2,"GroupId":20,"FirstSegment":0,"Id":94,"Index":0,"Name":"FACT_CODE_SOUS_ITEM","Parent":0,"Usage":null},{"DocumentId":2,"GroupId":21,"FirstSegment":0,"Id":95,"Index":0,"Name":"FACT_SOMM_SAC","Parent":0,"Usage":null},{"DocumentId":2,"GroupId":21,"FirstSegment":0,"Id":96,"Index":0,"Name":"FACT_SOMM_SAC_TAXE","Parent":0,"Usage":null},{"DocumentId":3,"GroupId":22,"FirstSegment":0,"Id":97,"Index":0,"Name":"SYS","Parent":0,"Usage":null},{"DocumentId":3,"GroupId":22,"FirstSegment":0,"Id":98,"Index":0,"Name":"RA_ENTETE","Parent":0,"Usage":null},{"DocumentId":3,"GroupId":22,"FirstSegment":0,"Id":99,"Index":0,"Name":"RA_MONTANT","Parent":0,"Usage":null},{"DocumentId":3,"GroupId":22,"FirstSegment":0,"Id":100,"Index":0,"Name":"RA_MESSAGE","Parent":0,"Usage":null},{"DocumentId":3,"GroupId":22,"FirstSegment":0,"Id":101,"Index":0,"Name":"RA_REF","Parent":0,"Usage":null},{"DocumentId":3,"GroupId":22,"FirstSegment":0,"Id":102,"Index":0,"Name":"RA_DATES","Parent":0,"Usage":null},{"DocumentId":3,"GroupId":23,"FirstSegment":0,"Id":103,"Index":0,"Name":"RA_NOM","Parent":0,"Usage":null},{"DocumentId":3,"GroupId":23,"FirstSegment":0,"Id":104,"Index":0,"Name":"RA_NOM_SUP","Parent":0,"Usage":null},{"DocumentId":3,"GroupId":23,"FirstSegment":0,"Id":105,"Index":0,"Name":"RA_ADRESSE_SUP","Parent":0,"Usage":null},{"DocumentId":3,"GroupId":23,"FirstSegment":0,"Id":106,"Index":0,"Name":"RA_NOM_LOC_GEO","Parent":0,"Usage":null},{"DocumentId":3,"GroupId":23,"FirstSegment":0,"Id":107,"Index":0,"Name":"RA_REF_NOM","Parent":0,"Usage":null},{"DocumentId":3,"GroupId":24,"FirstSegment":0,"Id":108,"Index":0,"Name":"RA_ENTITE","Parent":0,"Usage":null},{"DocumentId":3,"GroupId":25,"FirstSegment":0,"Id":109,"Index":0,"Name":"RA_ENTITE_NOM","Parent":0,"Usage":null},{"DocumentId":3,"GroupId":25,"FirstSegment":0,"Id":110,"Index":0,"Name":"RA_ENTITE_ADR_SUP","Parent":0,"Usage":null},{"DocumentId":3,"GroupId":25,"FirstSegment":0,"Id":111,"Index":0,"Name":"RA_ENTITE_NOM_LOC","Parent":0,"Usage":null},{"DocumentId":3,"GroupId":26,"FirstSegment":0,"Id":112,"Index":0,"Name":"RA_AJUSTEMENT","Parent":0,"Usage":null},{"DocumentId":3,"GroupId":26,"FirstSegment":0,"Id":113,"Index":0,"Name":"RA_ADX_MESSAGE","Parent":0,"Usage":null},{"DocumentId":3,"GroupId":26,"FirstSegment":0,"Id":114,"Index":0,"Name":"RA_AJUST_DATES","Parent":0,"Usage":null},{"DocumentId":3,"GroupId":27,"FirstSegment":0,"Id":115,"Index":0,"Name":"RA_ADX_REF","Parent":0,"Usage":null},{"DocumentId":3,"GroupId":27,"FirstSegment":0,"Id":116,"Index":0,"Name":"RA_ADX_DATES","Parent":0,"Usage":null},{"DocumentId":3,"GroupId":28,"FirstSegment":0,"Id":117,"Index":0,"Name":"RA_ADX_ITEM","Parent":0,"Usage":null},{"DocumentId":3,"GroupId":28,"FirstSegment":0,"Id":118,"Index":0,"Name":"RA_ADX_CODEPROD","Parent":0,"Usage":null},{"DocumentId":3,"GroupId":29,"FirstSegment":0,"Id":119,"Index":0,"Name":"RA_RMR","Parent":0,"Usage":null},{"DocumentId":3,"GroupId":29,"FirstSegment":0,"Id":120,"Index":0,"Name":"RA_RMR_MONTANT","Parent":0,"Usage":null},{"DocumentId":3,"GroupId":29,"FirstSegment":0,"Id":121,"Index":0,"Name":"RA_RMR_MESSAGE","Parent":0,"Usage":null},{"DocumentId":3,"GroupId":29,"FirstSegment":0,"Id":122,"Index":0,"Name":"RA_RMR_REF","Parent":0,"Usage":null},{"DocumentId":3,"GroupId":29,"FirstSegment":0,"Id":123,"Index":0,"Name":"RA_RMR_DATES","Parent":0,"Usage":null},{"DocumentId":3,"GroupId":30,"FirstSegment":0,"Id":124,"Index":0,"Name":"RA_ITEM","Parent":0,"Usage":null},{"DocumentId":3,"GroupId":30,"FirstSegment":0,"Id":125,"Index":0,"Name":"RA_CODEPRODUIT","Parent":0,"Usage":null},{"DocumentId":3,"GroupId":31,"FirstSegment":0,"Id":126,"Index":0,"Name":"RA_SAC_DETAIL","Parent":0,"Usage":null},{"DocumentId":3,"GroupId":32,"FirstSegment":0,"Id":127,"Index":0,"Name":"RA_RMR_AJUSTEMENT","Parent":0,"Usage":null},{"DocumentId":3,"GroupId":32,"FirstSegment":0,"Id":128,"Index":0,"Name":"RA_NOTE_AJUST","Parent":0,"Usage":null},{"DocumentId":3,"GroupId":32,"FirstSegment":0,"Id":129,"Index":0,"Name":"RA_RMR_ADX_REF","Parent":0,"Usage":null},{"DocumentId":3,"GroupId":33,"FirstSegment":0,"Id":130,"Index":0,"Name":"RA_ITEM_AJUST","Parent":0,"Usage":null},{"DocumentId":3,"GroupId":33,"FirstSegment":0,"Id":131,"Index":0,"Name":"RA_CPRODUIT_AJUST","Parent":0,"Usage":null},{"DocumentId":3,"GroupId":34,"FirstSegment":0,"Id":132,"Index":0,"Name":"RA_REF_AJUST","Parent":0,"Usage":null},{"DocumentId":3,"GroupId":34,"FirstSegment":0,"Id":133,"Index":0,"Name":"RA_DATES_AJUST","Parent":0,"Usage":null},{"DocumentId":4,"GroupId":35,"FirstSegment":0,"Id":134,"Index":0,"Name":"SYS","Parent":0,"Usage":null},{"DocumentId":4,"GroupId":35,"FirstSegment":0,"Id":135,"Index":0,"Name":"SC_ENTETE","Parent":0,"Usage":null},{"DocumentId":4,"GroupId":35,"FirstSegment":0,"Id":136,"Index":0,"Name":"SC_REFERENCE","Parent":0,"Usage":null},{"DocumentId":4,"GroupId":35,"FirstSegment":0,"Id":137,"Index":0,"Name":"SC_DATES","Parent":0,"Usage":null},{"DocumentId":4,"GroupId":35,"FirstSegment":0,"Id":138,"Index":0,"Name":"SC_MESSAGES","Parent":0,"Usage":null},{"DocumentId":4,"GroupId":35,"FirstSegment":0,"Id":139,"Index":0,"Name":"SC_SOMMAIRE","Parent":0,"Usage":null},{"DocumentId":4,"GroupId":36,"FirstSegment":0,"Id":140,"Index":0,"Name":"SC_NOM","Parent":0,"Usage":null},{"DocumentId":4,"GroupId":36,"FirstSegment":0,"Id":141,"Index":0,"Name":"SC_NOM_SUP","Parent":0,"Usage":null},{"DocumentId":4,"GroupId":36,"FirstSegment":0,"Id":142,"Index":0,"Name":"SC_ADRESSE_SUP","Parent":0,"Usage":null},{"DocumentId":4,"GroupId":36,"FirstSegment":0,"Id":143,"Index":0,"Name":"SC_NOM_LOC_GEO","Parent":0,"Usage":null},{"DocumentId":4,"GroupId":36,"FirstSegment":0,"Id":144,"Index":0,"Name":"SC_REFERENCE_NOM","Parent":0,"Usage":null},{"DocumentId":4,"GroupId":37,"FirstSegment":0,"Id":145,"Index":0,"Name":"SC_COM_CONTACT","Parent":0,"Usage":null},{"DocumentId":4,"GroupId":37,"FirstSegment":0,"Id":146,"Index":0,"Name":"SC_ENTITE_COM","Parent":0,"Usage":null},{"DocumentId":4,"GroupId":38,"FirstSegment":0,"Id":147,"Index":0,"Name":"SC_ITEM","Parent":0,"Usage":null},{"DocumentId":4,"GroupId":38,"FirstSegment":0,"Id":148,"Index":0,"Name":"SC_CODE_PRODUIT","Parent":0,"Usage":null},{"DocumentId":4,"GroupId":38,"FirstSegment":0,"Id":149,"Index":0,"Name":"SC_ITEM_REF","Parent":0,"Usage":null},{"DocumentId":4,"GroupId":38,"FirstSegment":0,"Id":150,"Index":0,"Name":"SC_ITEM_DATES","Parent":0,"Usage":null},{"DocumentId":4,"GroupId":38,"FirstSegment":0,"Id":151,"Index":0,"Name":"SC_ITEM_YNQ","Parent":0,"Usage":null},{"DocumentId":4,"GroupId":38,"FirstSegment":0,"Id":152,"Index":0,"Name":"SC_ITEM_RESTRICT","Parent":0,"Usage":null},{"DocumentId":4,"GroupId":38,"FirstSegment":0,"Id":153,"Index":0,"Name":"SC_ITEM_DESC","Parent":0,"Usage":null},{"DocumentId":4,"GroupId":38,"FirstSegment":0,"Id":154,"Index":0,"Name":"SC_ITEM_MEA","Parent":0,"Usage":null},{"DocumentId":4,"GroupId":38,"FirstSegment":0,"Id":155,"Index":0,"Name":"SC_ITEM_TRANSP_PACK","Parent":0,"Usage":null},{"DocumentId":4,"GroupId":38,"FirstSegment":0,"Id":156,"Index":0,"Name":"SC_ITEM_TRANSPORT","Parent":0,"Usage":null},{"DocumentId":4,"GroupId":38,"FirstSegment":0,"Id":157,"Index":0,"Name":"SC_ITEM_PHY_DET","Parent":0,"Usage":null},{"DocumentId":4,"GroupId":38,"FirstSegment":0,"Id":158,"Index":0,"Name":"SC_SS_ITEM_PHY_DET","Parent":0,"Usage":null},{"DocumentId":4,"GroupId":39,"FirstSegment":0,"Id":159,"Index":0,"Name":"SC_ITEM_NOM","Parent":0,"Usage":null},{"DocumentId":4,"GroupId":39,"FirstSegment":0,"Id":160,"Index":0,"Name":"SC_ITEM_NOM_SUP","Parent":0,"Usage":null},{"DocumentId":4,"GroupId":39,"FirstSegment":0,"Id":161,"Index":0,"Name":"SC_ITEM_ADRESSE_SUP","Parent":0,"Usage":null},{"DocumentId":4,"GroupId":39,"FirstSegment":0,"Id":162,"Index":0,"Name":"SC_ITEM_NOM_LOC_GEO","Parent":0,"Usage":null},{"DocumentId":4,"GroupId":39,"FirstSegment":0,"Id":163,"Index":0,"Name":"SC_ITEM_NOM_REF","Parent":0,"Usage":null},{"DocumentId":4,"GroupId":40,"FirstSegment":0,"Id":164,"Index":0,"Name":"SC_ITEM_PRIX","Parent":0,"Usage":null},{"DocumentId":4,"GroupId":40,"FirstSegment":0,"Id":165,"Index":0,"Name":"SC_DATE_PRIX","Parent":0,"Usage":null},{"DocumentId":4,"GroupId":41,"FirstSegment":0,"Id":166,"Index":0,"Name":"SC_SOUS_ITEM","Parent":0,"Usage":null},{"DocumentId":4,"GroupId":41,"FirstSegment":0,"Id":167,"Index":0,"Name":"SC_CODE_SOUS_ITEM","Parent":0,"Usage":null},{"DocumentId":4,"GroupId":41,"FirstSegment":0,"Id":168,"Index":0,"Name":"SC_QTY_SOUS_ITEM","Parent":0,"Usage":null},{"DocumentId":5,"GroupId":42,"FirstSegment":0,"Id":169,"Index":0,"Name":"SYS","Parent":0,"Usage":null},{"DocumentId":5,"GroupId":42,"FirstSegment":0,"Id":170,"Index":0,"Name":"IB_ENTETE","Parent":0,"Usage":null},{"DocumentId":5,"GroupId":42,"FirstSegment":0,"Id":171,"Index":0,"Name":"IB_REF","Parent":0,"Usage":null},{"DocumentId":5,"GroupId":42,"FirstSegment":0,"Id":172,"Index":0,"Name":"IB_DATE","Parent":0,"Usage":null},{"DocumentId":5,"GroupId":42,"FirstSegment":0,"Id":173,"Index":0,"Name":"IB_SOMMAIRE","Parent":0,"Usage":null},{"DocumentId":5,"GroupId":43,"FirstSegment":0,"Id":174,"Index":0,"Name":"IB_NOM","Parent":0,"Usage":null},{"DocumentId":5,"GroupId":43,"FirstSegment":0,"Id":175,"Index":0,"Name":"IB_NOM_SUP","Parent":0,"Usage":null},{"DocumentId":5,"GroupId":43,"FirstSegment":0,"Id":176,"Index":0,"Name":"IB_ADRESSE_SUP","Parent":0,"Usage":null},{"DocumentId":5,"GroupId":43,"FirstSegment":0,"Id":177,"Index":0,"Name":"IB_NOM_LOC_GEO","Parent":0,"Usage":null},{"DocumentId":5,"GroupId":43,"FirstSegment":0,"Id":178,"Index":0,"Name":"IB_REFERENCE_NOM","Parent":0,"Usage":null},{"DocumentId":5,"GroupId":44,"FirstSegment":0,"Id":179,"Index":0,"Name":"IB_COM_CONTACT","Parent":0,"Usage":null},{"DocumentId":5,"GroupId":44,"FirstSegment":0,"Id":180,"Index":0,"Name":"IB_ENTITE_COM","Parent":0,"Usage":null},{"DocumentId":5,"GroupId":45,"FirstSegment":0,"Id":181,"Index":0,"Name":"IB_ITEM","Parent":0,"Usage":null},{"DocumentId":5,"GroupId":45,"FirstSegment":0,"Id":182,"Index":0,"Name":"IB_ITEM_PRIX","Parent":0,"Usage":null},{"DocumentId":5,"GroupId":45,"FirstSegment":0,"Id":183,"Index":0,"Name":"IB_ITEM_DESC","Parent":0,"Usage":null},{"DocumentId":5,"GroupId":45,"FirstSegment":0,"Id":184,"Index":0,"Name":"IB_ITEM_DATES","Parent":0,"Usage":null},{"DocumentId":5,"GroupId":45,"FirstSegment":0,"Id":185,"Index":0,"Name":"IB_DESTINATIONQTE","Parent":0,"Usage":null},{"DocumentId":5,"GroupId":45,"FirstSegment":0,"Id":186,"Index":0,"Name":"IB_ITEM_PHYS_DET","Parent":0,"Usage":null},{"DocumentId":5,"GroupId":45,"FirstSegment":0,"Id":187,"Index":0,"Name":"IB_ITEM_SCHEDULE","Parent":0,"Usage":null},{"DocumentId":5,"GroupId":45,"FirstSegment":0,"Id":188,"Index":0,"Name":"IB_CODE_PRODUIT","Parent":0,"Usage":null},{"DocumentId":5,"GroupId":45,"FirstSegment":0,"Id":189,"Index":0,"Name":"IB_ITEM_REF","Parent":0,"Usage":null},{"DocumentId":5,"GroupId":46,"FirstSegment":0,"Id":190,"Index":0,"Name":"IB_ITEM_NOM","Parent":0,"Usage":null},{"DocumentId":5,"GroupId":46,"FirstSegment":0,"Id":191,"Index":0,"Name":"IB_ITEM_NOM_SUP","Parent":0,"Usage":null},{"DocumentId":5,"GroupId":46,"FirstSegment":0,"Id":192,"Index":0,"Name":"IB_ITEM_ADRESSE_SUP","Parent":0,"Usage":null},{"DocumentId":5,"GroupId":46,"FirstSegment":0,"Id":193,"Index":0,"Name":"IB_ITEM_NOM_LOC_GEO","Parent":0,"Usage":null},{"DocumentId":5,"GroupId":46,"FirstSegment":0,"Id":194,"Index":0,"Name":"IB_ITEM_REFERENCE_NOM","Parent":0,"Usage":null},{"DocumentId":6,"GroupId":47,"FirstSegment":0,"Id":195,"Index":0,"Name":"SYS","Parent":0,"Usage":null},{"DocumentId":6,"GroupId":47,"FirstSegment":0,"Id":196,"Index":0,"Name":"PO_ENTETE","Parent":0,"Usage":null},{"DocumentId":6,"GroupId":47,"FirstSegment":0,"Id":197,"Index":0,"Name":"PO_REF","Parent":0,"Usage":null},{"DocumentId":6,"GroupId":47,"FirstSegment":0,"Id":198,"Index":0,"Name":"PO_TAXE_EXEMPT","Parent":0,"Usage":null},{"DocumentId":6,"GroupId":47,"FirstSegment":0,"Id":199,"Index":0,"Name":"PO_CSH_INFO","Parent":0,"Usage":null},{"DocumentId":6,"GroupId":47,"FirstSegment":0,"Id":200,"Index":0,"Name":"PO_DATES","Parent":0,"Usage":null},{"DocumentId":6,"GroupId":47,"FirstSegment":0,"Id":201,"Index":0,"Name":"PO_MESURES","Parent":0,"Usage":null},{"DocumentId":6,"GroupId":47,"FirstSegment":0,"Id":202,"Index":0,"Name":"PO_PAQUET","Parent":0,"Usage":null},{"DocumentId":6,"GroupId":47,"FirstSegment":0,"Id":203,"Index":0,"Name":"PO_TRANSPORTEUR","Parent":0,"Usage":null},{"DocumentId":6,"GroupId":47,"FirstSegment":0,"Id":204,"Index":0,"Name":"PO_TRANSP_EQUIPMT","Parent":0,"Usage":null},{"DocumentId":6,"GroupId":47,"FirstSegment":0,"Id":205,"Index":0,"Name":"PO_TRANSP_SPECIAL","Parent":0,"Usage":null},{"DocumentId":6,"GroupId":47,"FirstSegment":0,"Id":206,"Index":0,"Name":"PO_MAN_ENTETE","Parent":0,"Usage":null},{"DocumentId":6,"GroupId":47,"FirstSegment":0,"Id":207,"Index":0,"Name":"PO_RESTRICTION","Parent":0,"Usage":null},{"DocumentId":6,"GroupId":47,"FirstSegment":0,"Id":208,"Index":0,"Name":"PO_FOB_INFO","Parent":0,"Usage":null},{"DocumentId":6,"GroupId":47,"FirstSegment":0,"Id":209,"Index":0,"Name":"PO_SAC_ENTETE","Parent":0,"Usage":null},{"DocumentId":6,"GroupId":47,"FirstSegment":0,"Id":210,"Index":0,"Name":"PO_TERME_ENTETE","Parent":0,"Usage":null},{"DocumentId":6,"GroupId":47,"FirstSegment":0,"Id":211,"Index":0,"Name":"PO_TRANSPORTEURN1","Parent":0,"Usage":null},{"DocumentId":6,"GroupId":47,"FirstSegment":0,"Id":212,"Index":0,"Name":"PO_PAQUET_N1","Parent":0,"Usage":null},{"DocumentId":6,"GroupId":47,"FirstSegment":0,"Id":213,"Index":0,"Name":"PO_SOMM_TAXE","Parent":0,"Usage":null},{"DocumentId":6,"GroupId":48,"FirstSegment":0,"Id":214,"Index":0,"Name":"PO_COM_CONTACT","Parent":0,"Usage":null},{"DocumentId":6,"GroupId":48,"FirstSegment":0,"Id":215,"Index":0,"Name":"PO_ENTITE_COM","Parent":0,"Usage":null},{"DocumentId":6,"GroupId":49,"FirstSegment":0,"Id":216,"Index":0,"Name":"PO_REF_MESSAGE","Parent":0,"Usage":null},{"DocumentId":6,"GroupId":49,"FirstSegment":0,"Id":217,"Index":0,"Name":"PO_MESSAGE_ENTETE","Parent":0,"Usage":null},{"DocumentId":6,"GroupId":50,"FirstSegment":0,"Id":218,"Index":0,"Name":"PO_AMT_ENTETE","Parent":0,"Usage":null},{"DocumentId":6,"GroupId":50,"FirstSegment":0,"Id":219,"Index":0,"Name":"PO_REF_AMT_ENTETE","Parent":0,"Usage":null},{"DocumentId":6,"GroupId":51,"FirstSegment":0,"Id":220,"Index":0,"Name":"PO_NOMS","Parent":0,"Usage":null},{"DocumentId":6,"GroupId":51,"FirstSegment":0,"Id":221,"Index":0,"Name":"PO_NOM_SUP","Parent":0,"Usage":null},{"DocumentId":6,"GroupId":51,"FirstSegment":0,"Id":222,"Index":0,"Name":"PO_ADRESSE_SUP","Parent":0,"Usage":null},{"DocumentId":6,"GroupId":51,"FirstSegment":0,"Id":223,"Index":0,"Name":"PO_NOM_LOC_GEO","Parent":0,"Usage":null},{"DocumentId":6,"GroupId":51,"FirstSegment":0,"Id":224,"Index":0,"Name":"PO_REF_NOMS","Parent":0,"Usage":null},{"DocumentId":6,"GroupId":51,"FirstSegment":0,"Id":225,"Index":0,"Name":"PO_FOB_INFO_N1","Parent":0,"Usage":null},{"DocumentId":6,"GroupId":51,"FirstSegment":0,"Id":226,"Index":0,"Name":"PO_FTRANSPORTEURN1","Parent":0,"Usage":null},{"DocumentId":6,"GroupId":52,"FirstSegment":0,"Id":227,"Index":0,"Name":"PO_NOM_CONTACT","Parent":0,"Usage":null},{"DocumentId":6,"GroupId":52,"FirstSegment":0,"Id":228,"Index":0,"Name":"PO_NOM_ENTITE_COM","Parent":0,"Usage":null},{"DocumentId":6,"GroupId":53,"FirstSegment":0,"Id":229,"Index":0,"Name":"PO_ITEM","Parent":0,"Usage":null},{"DocumentId":6,"GroupId":53,"FirstSegment":0,"Id":230,"Index":0,"Name":"PO_CODEPRODUIT","Parent":0,"Usage":null},{"DocumentId":6,"GroupId":53,"FirstSegment":0,"Id":231,"Index":0,"Name":"PO_DETAIL_ADD","Parent":0,"Usage":null},{"DocumentId":6,"GroupId":53,"FirstSegment":0,"Id":232,"Index":0,"Name":"PO_ITEM_DESC","Parent":0,"Usage":null},{"DocumentId":6,"GroupId":53,"FirstSegment":0,"Id":233,"Index":0,"Name":"PO_ITEM_MESURE","Parent":0,"Usage":null},{"DocumentId":6,"GroupId":53,"FirstSegment":0,"Id":234,"Index":0,"Name":"PO_ITEM_PHYS_DET","Parent":0,"Usage":null},{"DocumentId":6,"GroupId":53,"FirstSegment":0,"Id":235,"Index":0,"Name":"PO_SAC_DETAIL","Parent":0,"Usage":null},{"DocumentId":6,"GroupId":53,"FirstSegment":0,"Id":236,"Index":0,"Name":"PO_COUT_ITEM","Parent":0,"Usage":null},{"DocumentId":6,"GroupId":53,"FirstSegment":0,"Id":237,"Index":0,"Name":"PO_MAN_ITEM","Parent":0,"Usage":null},{"DocumentId":6,"GroupId":53,"FirstSegment":0,"Id":238,"Index":0,"Name":"PO_ITEM_TAXE","Parent":0,"Usage":null},{"DocumentId":6,"GroupId":53,"FirstSegment":0,"Id":239,"Index":0,"Name":"PO_HORAIRE_ITEM","Parent":0,"Usage":null},{"DocumentId":6,"GroupId":53,"FirstSegment":0,"Id":240,"Index":0,"Name":"PO_PAQUET_ITEM","Parent":0,"Usage":null},{"DocumentId":6,"GroupId":53,"FirstSegment":0,"Id":241,"Index":0,"Name":"PO_TERME_DETAIL","Parent":0,"Usage":null},{"DocumentId":6,"GroupId":53,"FirstSegment":0,"Id":242,"Index":0,"Name":"PO_DESTINATIONQTE","Parent":0,"Usage":null},{"DocumentId":6,"GroupId":53,"FirstSegment":0,"Id":243,"Index":0,"Name":"PO_COMMODITY_ITEM","Parent":0,"Usage":null},{"DocumentId":6,"GroupId":53,"FirstSegment":0,"Id":244,"Index":0,"Name":"PO_DATES_DETAIL","Parent":0,"Usage":null},{"DocumentId":6,"GroupId":53,"FirstSegment":0,"Id":245,"Index":0,"Name":"PO_ITEM_TRANSPORT","Parent":0,"Usage":null},{"DocumentId":6,"GroupId":54,"FirstSegment":0,"Id":246,"Index":0,"Name":"PO_NOM_CONT_ITM","Parent":0,"Usage":null},{"DocumentId":6,"GroupId":54,"FirstSegment":0,"Id":247,"Index":0,"Name":"PO_ENTITE_COM_ITM","Parent":0,"Usage":null},{"DocumentId":6,"GroupId":55,"FirstSegment":0,"Id":248,"Index":0,"Name":"PO_REF_MES_ITM","Parent":0,"Usage":null},{"DocumentId":6,"GroupId":55,"FirstSegment":0,"Id":249,"Index":0,"Name":"PO_MESSAGE_DET","Parent":0,"Usage":null},{"DocumentId":6,"GroupId":56,"FirstSegment":0,"Id":250,"Index":0,"Name":"PO_NOMS_ITM","Parent":0,"Usage":null},{"DocumentId":6,"GroupId":56,"FirstSegment":0,"Id":251,"Index":0,"Name":"PO_NOM_SUP_ITM","Parent":0,"Usage":null},{"DocumentId":6,"GroupId":56,"FirstSegment":0,"Id":252,"Index":0,"Name":"PO_ADRESSE_SUP_ITM","Parent":0,"Usage":null},{"DocumentId":6,"GroupId":56,"FirstSegment":0,"Id":253,"Index":0,"Name":"PO_NOM_LOCGEO_ITM","Parent":0,"Usage":null},{"DocumentId":6,"GroupId":56,"FirstSegment":0,"Id":254,"Index":0,"Name":"PO_REF_NOMS_ITM","Parent":0,"Usage":null},{"DocumentId":6,"GroupId":56,"FirstSegment":0,"Id":255,"Index":0,"Name":"PO_PAQUET_ITM_N1","Parent":0,"Usage":null},{"DocumentId":6,"GroupId":57,"FirstSegment":0,"Id":256,"Index":0,"Name":"PO_CONTACT_N1_ITM","Parent":0,"Usage":null},{"DocumentId":6,"GroupId":57,"FirstSegment":0,"Id":257,"Index":0,"Name":"PO_COMM_N1_ITM","Parent":0,"Usage":null},{"DocumentId":6,"GroupId":58,"FirstSegment":0,"Id":258,"Index":0,"Name":"PO_REF_DETAIL","Parent":0,"Usage":null},{"DocumentId":6,"GroupId":59,"FirstSegment":0,"Id":259,"Index":0,"Name":"PO_SOUS_ITEM","Parent":0,"Usage":null},{"DocumentId":6,"GroupId":59,"FirstSegment":0,"Id":260,"Index":0,"Name":"PO_CODE_SOUS_ITEM","Parent":0,"Usage":null},{"DocumentId":6,"GroupId":59,"FirstSegment":0,"Id":261,"Index":0,"Name":"PO_DESC_SOUS_ITEM","Parent":0,"Usage":null},{"DocumentId":6,"GroupId":59,"FirstSegment":0,"Id":262,"Index":0,"Name":"PO_COUT_SOUS_ITEM","Parent":0,"Usage":null},{"DocumentId":6,"GroupId":59,"FirstSegment":0,"Id":263,"Index":0,"Name":"PO_SS_ITM_PHS_DET","Parent":0,"Usage":null},{"DocumentId":6,"GroupId":59,"FirstSegment":0,"Id":264,"Index":0,"Name":"PO_SS_ITM_SAC_DET","Parent":0,"Usage":null},{"DocumentId":6,"GroupId":60,"FirstSegment":0,"Id":265,"Index":0,"Name":"PO_REF_MES_SS_ITMT","Parent":0,"Usage":null},{"DocumentId":6,"GroupId":61,"FirstSegment":0,"Id":266,"Index":0,"Name":"PO_AMT_DETAIL","Parent":0,"Usage":null},{"DocumentId":6,"GroupId":61,"FirstSegment":0,"Id":267,"Index":0,"Name":"PO_REF_AMT_DETAIL","Parent":0,"Usage":null},{"DocumentId":7,"GroupId":62,"FirstSegment":0,"Id":268,"Index":0,"Name":"SYS","Parent":0,"Usage":null},{"DocumentId":7,"GroupId":62,"FirstSegment":0,"Id":269,"Index":0,"Name":"PD_ENTETE","Parent":0,"Usage":null},{"DocumentId":7,"GroupId":62,"FirstSegment":0,"Id":270,"Index":0,"Name":"PD_NUMERO_PO","Parent":0,"Usage":null},{"DocumentId":7,"GroupId":62,"FirstSegment":0,"Id":271,"Index":0,"Name":"PD_REFERENCE","Parent":0,"Usage":null},{"DocumentId":7,"GroupId":62,"FirstSegment":0,"Id":272,"Index":0,"Name":"PD_SOMMAIRE","Parent":0,"Usage":null},{"DocumentId":7,"GroupId":63,"FirstSegment":0,"Id":273,"Index":0,"Name":"PD_NOMS","Parent":0,"Usage":null},{"DocumentId":7,"GroupId":63,"FirstSegment":0,"Id":274,"Index":0,"Name":"PD_ADRESSE_SUP","Parent":0,"Usage":null},{"DocumentId":7,"GroupId":63,"FirstSegment":0,"Id":275,"Index":0,"Name":"PD_NOM_LOC_GEO","Parent":0,"Usage":null},{"DocumentId":7,"GroupId":63,"FirstSegment":0,"Id":276,"Index":0,"Name":"PD_NOM_DATES","Parent":0,"Usage":null},{"DocumentId":7,"GroupId":63,"FirstSegment":0,"Id":277,"Index":0,"Name":"PD_NOM_REF","Parent":0,"Usage":null},{"DocumentId":7,"GroupId":64,"FirstSegment":0,"Id":278,"Index":0,"Name":"PD_ITEM","Parent":0,"Usage":null},{"DocumentId":7,"GroupId":64,"FirstSegment":0,"Id":279,"Index":0,"Name":"PD_CODE_PRODUIT","Parent":0,"Usage":null},{"DocumentId":7,"GroupId":64,"FirstSegment":0,"Id":280,"Index":0,"Name":"PD_ITEM_DESC","Parent":0,"Usage":null},{"DocumentId":7,"GroupId":64,"FirstSegment":0,"Id":281,"Index":0,"Name":"PD_COUT_ITEM","Parent":0,"Usage":null},{"DocumentId":7,"GroupId":64,"FirstSegment":0,"Id":282,"Index":0,"Name":"PD_ITEM_PHYS_DET","Parent":0,"Usage":null},{"DocumentId":7,"GroupId":64,"FirstSegment":0,"Id":283,"Index":0,"Name":"PD_ITEM_REF","Parent":0,"Usage":null},{"DocumentId":7,"GroupId":64,"FirstSegment":0,"Id":284,"Index":0,"Name":"PD_ITEM_QTY","Parent":0,"Usage":null},{"DocumentId":7,"GroupId":65,"FirstSegment":0,"Id":285,"Index":0,"Name":"PD_CODE_ACTIVITE","Parent":0,"Usage":null},{"DocumentId":7,"GroupId":65,"FirstSegment":0,"Id":286,"Index":0,"Name":"PD_RA_COUT_ITEM","Parent":0,"Usage":null},{"DocumentId":7,"GroupId":65,"FirstSegment":0,"Id":287,"Index":0,"Name":"PD_DESTINATIONQTE","Parent":0,"Usage":null},{"DocumentId":7,"GroupId":65,"FirstSegment":0,"Id":288,"Index":0,"Name":"PD_RA_DTM_ITEM","Parent":0,"Usage":null},{"DocumentId":8,"GroupId":66,"FirstSegment":0,"Id":289,"Index":0,"Name":"SYS","Parent":0,"Usage":null},{"DocumentId":8,"GroupId":66,"FirstSegment":0,"Id":290,"Index":0,"Name":"PR_ENTETE","Parent":0,"Usage":null},{"DocumentId":8,"GroupId":66,"FirstSegment":0,"Id":291,"Index":0,"Name":"PR_REF","Parent":0,"Usage":null},{"DocumentId":8,"GroupId":66,"FirstSegment":0,"Id":292,"Index":0,"Name":"PR_SAC_ENTETE","Parent":0,"Usage":null},{"DocumentId":8,"GroupId":66,"FirstSegment":0,"Id":293,"Index":0,"Name":"PR_TERME_PMENT","Parent":0,"Usage":null},{"DocumentId":8,"GroupId":66,"FirstSegment":0,"Id":294,"Index":0,"Name":"PR_FOB_INFO","Parent":0,"Usage":null},{"DocumentId":8,"GroupId":66,"FirstSegment":0,"Id":295,"Index":0,"Name":"PR_DATES","Parent":0,"Usage":null},{"DocumentId":8,"GroupId":66,"FirstSegment":0,"Id":296,"Index":0,"Name":"PR_TRANSPORTEUR","Parent":0,"Usage":null},{"DocumentId":8,"GroupId":66,"FirstSegment":0,"Id":297,"Index":0,"Name":"PR_RESTRICTIONS","Parent":0,"Usage":null},{"DocumentId":8,"GroupId":66,"FirstSegment":0,"Id":298,"Index":0,"Name":"PR_SOMMAIRE","Parent":0,"Usage":null},{"DocumentId":8,"GroupId":67,"FirstSegment":0,"Id":299,"Index":0,"Name":"PR_CONTACT","Parent":0,"Usage":null},{"DocumentId":8,"GroupId":67,"FirstSegment":0,"Id":300,"Index":0,"Name":"PR_ENTITE_COM","Parent":0,"Usage":null},{"DocumentId":8,"GroupId":68,"FirstSegment":0,"Id":301,"Index":0,"Name":"PR_REF_MESSAGE","Parent":0,"Usage":null},{"DocumentId":8,"GroupId":68,"FirstSegment":0,"Id":302,"Index":0,"Name":"PR_MESSAGES","Parent":0,"Usage":null},{"DocumentId":8,"GroupId":69,"FirstSegment":0,"Id":303,"Index":0,"Name":"PR_NOMS","Parent":0,"Usage":null},{"DocumentId":8,"GroupId":69,"FirstSegment":0,"Id":304,"Index":0,"Name":"PR_NOM_SUP","Parent":0,"Usage":null},{"DocumentId":8,"GroupId":69,"FirstSegment":0,"Id":305,"Index":0,"Name":"PR_ADRESSE_SUP","Parent":0,"Usage":null},{"DocumentId":8,"GroupId":69,"FirstSegment":0,"Id":306,"Index":0,"Name":"PR_NOM_LOC_GEO","Parent":0,"Usage":null},{"DocumentId":8,"GroupId":69,"FirstSegment":0,"Id":307,"Index":0,"Name":"PR_REF_NOMS","Parent":0,"Usage":null},{"DocumentId":8,"GroupId":70,"FirstSegment":0,"Id":308,"Index":0,"Name":"PR_NOM_CONTACT","Parent":0,"Usage":null},{"DocumentId":8,"GroupId":70,"FirstSegment":0,"Id":309,"Index":0,"Name":"PR_NOM_ENTITE_COM","Parent":0,"Usage":null},{"DocumentId":8,"GroupId":71,"FirstSegment":0,"Id":310,"Index":0,"Name":"PR_ITEM","Parent":0,"Usage":null},{"DocumentId":8,"GroupId":71,"FirstSegment":0,"Id":311,"Index":0,"Name":"PR_CODEPRODUIT","Parent":0,"Usage":null},{"DocumentId":8,"GroupId":71,"FirstSegment":0,"Id":312,"Index":0,"Name":"PR_ITEM_ADD_DET","Parent":0,"Usage":null},{"DocumentId":8,"GroupId":71,"FirstSegment":0,"Id":313,"Index":0,"Name":"PR_ITEM_MESURE","Parent":0,"Usage":null},{"DocumentId":8,"GroupId":71,"FirstSegment":0,"Id":314,"Index":0,"Name":"PR_DESTINATIONQTE","Parent":0,"Usage":null},{"DocumentId":8,"GroupId":71,"FirstSegment":0,"Id":315,"Index":0,"Name":"PR_ITEM_DATES","Parent":0,"Usage":null},{"DocumentId":8,"GroupId":71,"FirstSegment":0,"Id":316,"Index":0,"Name":"PR_COUT_ITEM","Parent":0,"Usage":null},{"DocumentId":8,"GroupId":71,"FirstSegment":0,"Id":317,"Index":0,"Name":"PR_ITEM_PHYS_DET","Parent":0,"Usage":null},{"DocumentId":8,"GroupId":71,"FirstSegment":0,"Id":318,"Index":0,"Name":"PR_SAC_DETAIL","Parent":0,"Usage":null},{"DocumentId":8,"GroupId":71,"FirstSegment":0,"Id":319,"Index":0,"Name":"PR_ITEM_TAXE","Parent":0,"Usage":null},{"DocumentId":8,"GroupId":71,"FirstSegment":0,"Id":320,"Index":0,"Name":"PR_ITEM_DESC","Parent":0,"Usage":null},{"DocumentId":8,"GroupId":71,"FirstSegment":0,"Id":321,"Index":0,"Name":"PR_HORAIRE_ITEM","Parent":0,"Usage":null},{"DocumentId":8,"GroupId":71,"FirstSegment":0,"Id":322,"Index":0,"Name":"PR_ITEM_MONTANT","Parent":0,"Usage":null},{"DocumentId":8,"GroupId":72,"FirstSegment":0,"Id":323,"Index":0,"Name":"PR_ITEM_REF","Parent":0,"Usage":null},{"DocumentId":8,"GroupId":73,"FirstSegment":0,"Id":324,"Index":0,"Name":"PR_ITEM_ACK","Parent":0,"Usage":null},{"DocumentId":8,"GroupId":73,"FirstSegment":0,"Id":325,"Index":0,"Name":"PR_CODEPROD_ACK","Parent":0,"Usage":null},{"DocumentId":8,"GroupId":73,"FirstSegment":0,"Id":326,"Index":0,"Name":"PR_DATE_ACK","Parent":0,"Usage":null},{"DocumentId":8,"GroupId":74,"FirstSegment":0,"Id":327,"Index":0,"Name":"PR_REF_MSG_ITEM","Parent":0,"Usage":null},{"DocumentId":8,"GroupId":74,"FirstSegment":0,"Id":328,"Index":0,"Name":"PR_MESSAGE_ITEM","Parent":0,"Usage":null},{"DocumentId":8,"GroupId":75,"FirstSegment":0,"Id":329,"Index":0,"Name":"PR_NOMS_ITEM","Parent":0,"Usage":null},{"DocumentId":8,"GroupId":75,"FirstSegment":0,"Id":330,"Index":0,"Name":"PR_ADR_ITEM","Parent":0,"Usage":null},{"DocumentId":8,"GroupId":75,"FirstSegment":0,"Id":331,"Index":0,"Name":"PR_LOC_GEO_ITEM","Parent":0,"Usage":null},{"DocumentId":8,"GroupId":76,"FirstSegment":0,"Id":332,"Index":0,"Name":"PR_SOUS_ITEM","Parent":0,"Usage":null},{"DocumentId":8,"GroupId":76,"FirstSegment":0,"Id":333,"Index":0,"Name":"PR_CODE_SOUS_ITEM","Parent":0,"Usage":null},{"DocumentId":9,"GroupId":77,"FirstSegment":0,"Id":334,"Index":0,"Name":"SYS","Parent":0,"Usage":null},{"DocumentId":9,"GroupId":77,"FirstSegment":0,"Id":335,"Index":0,"Name":"ASN_ENTETE","Parent":0,"Usage":null},{"DocumentId":9,"GroupId":77,"FirstSegment":0,"Id":336,"Index":0,"Name":"ASN_SOMMAIRE","Parent":0,"Usage":null},{"DocumentId":9,"GroupId":78,"FirstSegment":0,"Id":337,"Index":0,"Name":"HL_SHIPMENT","Parent":0,"Usage":null},{"DocumentId":9,"GroupId":78,"FirstSegment":0,"Id":338,"Index":0,"Name":"ASN_DET_QTE_POIDS","Parent":0,"Usage":null},{"DocumentId":9,"GroupId":78,"FirstSegment":0,"Id":339,"Index":0,"Name":"ASN_TRANSPORTEUR","Parent":0,"Usage":null},{"DocumentId":9,"GroupId":78,"FirstSegment":0,"Id":340,"Index":0,"Name":"ASN_EQUIPEMENTS","Parent":0,"Usage":null},{"DocumentId":9,"GroupId":78,"FirstSegment":0,"Id":341,"Index":0,"Name":"ASN_REFERENCE","Parent":0,"Usage":null},{"DocumentId":9,"GroupId":78,"FirstSegment":0,"Id":342,"Index":0,"Name":"ASN_DATE","Parent":0,"Usage":null},{"DocumentId":9,"GroupId":78,"FirstSegment":0,"Id":343,"Index":0,"Name":"ASN_FOB","Parent":0,"Usage":null},{"DocumentId":9,"GroupId":78,"FirstSegment":0,"Id":344,"Index":0,"Name":"ASN_SAC","Parent":0,"Usage":null},{"DocumentId":9,"GroupId":79,"FirstSegment":0,"Id":345,"Index":0,"Name":"ASN_COM_CONTACT","Parent":0,"Usage":null},{"DocumentId":9,"GroupId":79,"FirstSegment":0,"Id":346,"Index":0,"Name":"ASN_ENTITE_COM","Parent":0,"Usage":null},{"DocumentId":9,"GroupId":80,"FirstSegment":0,"Id":347,"Index":0,"Name":"ASN_NOM","Parent":0,"Usage":null},{"DocumentId":9,"GroupId":80,"FirstSegment":0,"Id":348,"Index":0,"Name":"ASN_NOM_SUP","Parent":0,"Usage":null},{"DocumentId":9,"GroupId":80,"FirstSegment":0,"Id":349,"Index":0,"Name":"ASN_ADRESSE_SUP","Parent":0,"Usage":null},{"DocumentId":9,"GroupId":80,"FirstSegment":0,"Id":350,"Index":0,"Name":"ASN_NOM_LOC_GEO","Parent":0,"Usage":null},{"DocumentId":9,"GroupId":81,"FirstSegment":0,"Id":351,"Index":0,"Name":"ASN_NOM_REFERENCE","Parent":0,"Usage":null},{"DocumentId":9,"GroupId":82,"FirstSegment":0,"Id":352,"Index":0,"Name":"ASN_NOM_CONTACT","Parent":0,"Usage":null},{"DocumentId":9,"GroupId":82,"FirstSegment":0,"Id":353,"Index":0,"Name":"ASN_NOM_ENT_COM","Parent":0,"Usage":null},{"DocumentId":9,"GroupId":83,"FirstSegment":0,"Id":354,"Index":0,"Name":"HL_ORDER","Parent":0,"Usage":null},{"DocumentId":9,"GroupId":83,"FirstSegment":0,"Id":355,"Index":0,"Name":"ASN_PO","Parent":0,"Usage":null},{"DocumentId":9,"GroupId":83,"FirstSegment":0,"Id":356,"Index":0,"Name":"ASN_PO_REF","Parent":0,"Usage":null},{"DocumentId":9,"GroupId":83,"FirstSegment":0,"Id":357,"Index":0,"Name":"ASN_PO_DATE","Parent":0,"Usage":null},{"DocumentId":9,"GroupId":83,"FirstSegment":0,"Id":358,"Index":0,"Name":"ASN_PO_QTE_POIDS","Parent":0,"Usage":null},{"DocumentId":9,"GroupId":83,"FirstSegment":0,"Id":359,"Index":0,"Name":"ASN_PO_TRANS","Parent":0,"Usage":null},{"DocumentId":9,"GroupId":84,"FirstSegment":0,"Id":360,"Index":0,"Name":"ASN_SAC_PO","Parent":0,"Usage":null},{"DocumentId":9,"GroupId":84,"FirstSegment":0,"Id":361,"Index":0,"Name":"ASN_SAC_TAXE_PO","Parent":0,"Usage":null},{"DocumentId":9,"GroupId":85,"FirstSegment":0,"Id":362,"Index":0,"Name":"ASN_PO_NOM","Parent":0,"Usage":null},{"DocumentId":9,"GroupId":85,"FirstSegment":0,"Id":363,"Index":0,"Name":"ASN_PO_ADRESSE","Parent":0,"Usage":null},{"DocumentId":9,"GroupId":85,"FirstSegment":0,"Id":364,"Index":0,"Name":"ASN_PO_LOC_GEO","Parent":0,"Usage":null},{"DocumentId":9,"GroupId":86,"FirstSegment":0,"Id":365,"Index":0,"Name":"HL_PALETTE","Parent":0,"Usage":null},{"DocumentId":9,"GroupId":86,"FirstSegment":0,"Id":366,"Index":0,"Name":"ASN_PLT_QTE_POIDS","Parent":0,"Usage":null},{"DocumentId":9,"GroupId":86,"FirstSegment":0,"Id":367,"Index":0,"Name":"ASN_PALETTE","Parent":0,"Usage":null},{"DocumentId":9,"GroupId":86,"FirstSegment":0,"Id":368,"Index":0,"Name":"ASN_INFO_PALETTE","Parent":0,"Usage":null},{"DocumentId":9,"GroupId":87,"FirstSegment":0,"Id":369,"Index":0,"Name":"HL_PAQUET","Parent":0,"Usage":null},{"DocumentId":9,"GroupId":87,"FirstSegment":0,"Id":370,"Index":0,"Name":"ASN_PAQUET","Parent":0,"Usage":null},{"DocumentId":9,"GroupId":87,"FirstSegment":0,"Id":371,"Index":0,"Name":"ASN_INFO_PAQUET","Parent":0,"Usage":null},{"DocumentId":9,"GroupId":87,"FirstSegment":0,"Id":372,"Index":0,"Name":"ASN_PQT_QTE_POIDS","Parent":0,"Usage":null},{"DocumentId":9,"GroupId":87,"FirstSegment":0,"Id":373,"Index":0,"Name":"ASN_PAQUET_TRANS","Parent":0,"Usage":null},{"DocumentId":9,"GroupId":87,"FirstSegment":0,"Id":374,"Index":0,"Name":"ASN_PQT_PHYS_DET","Parent":0,"Usage":null},{"DocumentId":9,"GroupId":87,"FirstSegment":0,"Id":375,"Index":0,"Name":"ASN_PQT_REF","Parent":0,"Usage":null},{"DocumentId":9,"GroupId":87,"FirstSegment":0,"Id":376,"Index":0,"Name":"ASN_PQT_DATE","Parent":0,"Usage":null},{"DocumentId":9,"GroupId":87,"FirstSegment":0,"Id":377,"Index":0,"Name":"ASN_PAQUET_SAC","Parent":0,"Usage":null},{"DocumentId":9,"GroupId":87,"FirstSegment":0,"Id":378,"Index":0,"Name":"ASN_PQT_CODEPROD","Parent":0,"Usage":null},{"DocumentId":9,"GroupId":87,"FirstSegment":0,"Id":379,"Index":0,"Name":"ASN_PQT_ITEM","Parent":0,"Usage":null},{"DocumentId":9,"GroupId":88,"FirstSegment":0,"Id":380,"Index":0,"Name":"ASN_PAQUET_NOM","Parent":0,"Usage":null},{"DocumentId":9,"GroupId":89,"FirstSegment":0,"Id":381,"Index":0,"Name":"HL_ITEM","Parent":0,"Usage":null},{"DocumentId":9,"GroupId":89,"FirstSegment":0,"Id":382,"Index":0,"Name":"ASN_CODEPRODUIT","Parent":0,"Usage":null},{"DocumentId":9,"GroupId":89,"FirstSegment":0,"Id":383,"Index":0,"Name":"ASN_ITEM","Parent":0,"Usage":null},{"DocumentId":9,"GroupId":89,"FirstSegment":0,"Id":384,"Index":0,"Name":"ASN_ITEM_PHYS_DET","Parent":0,"Usage":null},{"DocumentId":9,"GroupId":89,"FirstSegment":0,"Id":385,"Index":0,"Name":"ASN_ITEM_PRIX","Parent":0,"Usage":null},{"DocumentId":9,"GroupId":89,"FirstSegment":0,"Id":386,"Index":0,"Name":"ASN_ITEM_DESC","Parent":0,"Usage":null},{"DocumentId":9,"GroupId":89,"FirstSegment":0,"Id":387,"Index":0,"Name":"ASN_ITEM_MANIPUL","Parent":0,"Usage":null},{"DocumentId":9,"GroupId":89,"FirstSegment":0,"Id":388,"Index":0,"Name":"ASN_ITM_QTE_POIDS","Parent":0,"Usage":null},{"DocumentId":9,"GroupId":89,"FirstSegment":0,"Id":389,"Index":0,"Name":"ASN_ITEM_TRANSP","Parent":0,"Usage":null},{"DocumentId":9,"GroupId":89,"FirstSegment":0,"Id":390,"Index":0,"Name":"ASN_ITEM_REF","Parent":0,"Usage":null},{"DocumentId":9,"GroupId":89,"FirstSegment":0,"Id":391,"Index":0,"Name":"ASN_ITEM_MAN","Parent":0,"Usage":null},{"DocumentId":9,"GroupId":89,"FirstSegment":0,"Id":392,"Index":0,"Name":"ASN_ITEM_DATE","Parent":0,"Usage":null},{"DocumentId":9,"GroupId":89,"FirstSegment":0,"Id":393,"Index":0,"Name":"ASN_ITEM_YNQ","Parent":0,"Usage":null},{"DocumentId":9,"GroupId":90,"FirstSegment":0,"Id":394,"Index":0,"Name":"ASN_SOUS_ITEM","Parent":0,"Usage":null},{"DocumentId":9,"GroupId":90,"FirstSegment":0,"Id":395,"Index":0,"Name":"ASN_CODE_SOUS_ITM","Parent":0,"Usage":null},{"DocumentId":9,"GroupId":91,"FirstSegment":0,"Id":396,"Index":0,"Name":"ASN_ITEM_CLD","Parent":0,"Usage":null},{"DocumentId":9,"GroupId":91,"FirstSegment":0,"Id":397,"Index":0,"Name":"ASN_ITEM_CLD_REF","Parent":0,"Usage":null},{"DocumentId":9,"GroupId":92,"FirstSegment":0,"Id":398,"Index":0,"Name":"ASN_ITEM_NOM","Parent":0,"Usage":null},{"DocumentId":9,"GroupId":92,"FirstSegment":0,"Id":399,"Index":0,"Name":"ASN_ITEM_ADRESSE","Parent":0,"Usage":null},{"DocumentId":9,"GroupId":92,"FirstSegment":0,"Id":400,"Index":0,"Name":"ASN_ITEM_LOC_GEO","Parent":0,"Usage":null},{"DocumentId":9,"GroupId":93,"FirstSegment":0,"Id":401,"Index":0,"Name":"ASN_BATCH_CODE","Parent":0,"Usage":null},{"DocumentId":9,"GroupId":93,"FirstSegment":0,"Id":402,"Index":0,"Name":"ASN_BATCH_UNIT","Parent":0,"Usage":null},{"DocumentId":9,"GroupId":93,"FirstSegment":0,"Id":403,"Index":0,"Name":"ASN_BATCH_REF","Parent":0,"Usage":null},{"DocumentId":9,"GroupId":93,"FirstSegment":0,"Id":404,"Index":0,"Name":"ASN_BATCH_MEASURE","Parent":0,"Usage":null},{"DocumentId":9,"GroupId":93,"FirstSegment":0,"Id":405,"Index":0,"Name":"ASN_BATCH_DATES","Parent":0,"Usage":null},{"DocumentId":10,"GroupId":94,"FirstSegment":0,"Id":406,"Index":0,"Name":"SYS","Parent":0,"Usage":null},{"DocumentId":10,"GroupId":94,"FirstSegment":0,"Id":407,"Index":0,"Name":"PC_ENTETE","Parent":0,"Usage":null},{"DocumentId":10,"GroupId":94,"FirstSegment":0,"Id":408,"Index":0,"Name":"PC_REF","Parent":0,"Usage":null},{"DocumentId":10,"GroupId":94,"FirstSegment":0,"Id":409,"Index":0,"Name":"PC_FOB_INFO","Parent":0,"Usage":null},{"DocumentId":10,"GroupId":94,"FirstSegment":0,"Id":410,"Index":0,"Name":"PC_EXIG_VENTE","Parent":0,"Usage":null},{"DocumentId":10,"GroupId":94,"FirstSegment":0,"Id":411,"Index":0,"Name":"PC_SAC_ENTETE","Parent":0,"Usage":null},{"DocumentId":10,"GroupId":94,"FirstSegment":0,"Id":412,"Index":0,"Name":"PC_TERME_ENTETE","Parent":0,"Usage":null},{"DocumentId":10,"GroupId":94,"FirstSegment":0,"Id":413,"Index":0,"Name":"PC_DATES","Parent":0,"Usage":null},{"DocumentId":10,"GroupId":94,"FirstSegment":0,"Id":414,"Index":0,"Name":"PC_PAQUET","Parent":0,"Usage":null},{"DocumentId":10,"GroupId":94,"FirstSegment":0,"Id":415,"Index":0,"Name":"PC_TRANSPORTEUR","Parent":0,"Usage":null},{"DocumentId":10,"GroupId":94,"FirstSegment":0,"Id":416,"Index":0,"Name":"PC_RESTRICTIONS","Parent":0,"Usage":null},{"DocumentId":10,"GroupId":95,"FirstSegment":0,"Id":417,"Index":0,"Name":"PC_COM_CONTACT","Parent":0,"Usage":null},{"DocumentId":10,"GroupId":95,"FirstSegment":0,"Id":418,"Index":0,"Name":"PC_ENTITE_COM","Parent":0,"Usage":null},{"DocumentId":10,"GroupId":96,"FirstSegment":0,"Id":419,"Index":0,"Name":"PC_REF_MESSAGE","Parent":0,"Usage":null},{"DocumentId":10,"GroupId":96,"FirstSegment":0,"Id":420,"Index":0,"Name":"PC_MESSAGE_ENTETE","Parent":0,"Usage":null},{"DocumentId":10,"GroupId":97,"FirstSegment":0,"Id":421,"Index":0,"Name":"PC_NOMS","Parent":0,"Usage":null},{"DocumentId":10,"GroupId":97,"FirstSegment":0,"Id":422,"Index":0,"Name":"PC_NOM_SUP","Parent":0,"Usage":null},{"DocumentId":10,"GroupId":97,"FirstSegment":0,"Id":423,"Index":0,"Name":"PC_ADRESSE_SUP","Parent":0,"Usage":null},{"DocumentId":10,"GroupId":97,"FirstSegment":0,"Id":424,"Index":0,"Name":"PC_NOM_LOC_GEO","Parent":0,"Usage":null},{"DocumentId":10,"GroupId":97,"FirstSegment":0,"Id":425,"Index":0,"Name":"PC_REF_NOMS","Parent":0,"Usage":null},{"DocumentId":10,"GroupId":98,"FirstSegment":0,"Id":426,"Index":0,"Name":"PC_NOM_CONTACT","Parent":0,"Usage":null},{"DocumentId":10,"GroupId":98,"FirstSegment":0,"Id":427,"Index":0,"Name":"PC_NOM_ENTITE_COM","Parent":0,"Usage":null},{"DocumentId":10,"GroupId":99,"FirstSegment":0,"Id":428,"Index":0,"Name":"PC_ITEM","Parent":0,"Usage":null},{"DocumentId":10,"GroupId":99,"FirstSegment":0,"Id":429,"Index":0,"Name":"PC_CODEPRODUIT","Parent":0,"Usage":null},{"DocumentId":10,"GroupId":99,"FirstSegment":0,"Id":430,"Index":0,"Name":"PC_DETAIL_ADD","Parent":0,"Usage":null},{"DocumentId":10,"GroupId":99,"FirstSegment":0,"Id":431,"Index":0,"Name":"PC_ITEM_DESC","Parent":0,"Usage":null},{"DocumentId":10,"GroupId":99,"FirstSegment":0,"Id":432,"Index":0,"Name":"PC_ITEM_MESURE","Parent":0,"Usage":null},{"DocumentId":10,"GroupId":99,"FirstSegment":0,"Id":433,"Index":0,"Name":"PC_ITEM_PHYS_DET","Parent":0,"Usage":null},{"DocumentId":10,"GroupId":99,"FirstSegment":0,"Id":434,"Index":0,"Name":"PC_SAC_DETAIL","Parent":0,"Usage":null},{"DocumentId":10,"GroupId":99,"FirstSegment":0,"Id":435,"Index":0,"Name":"PC_COUT_ITEM","Parent":0,"Usage":null},{"DocumentId":10,"GroupId":99,"FirstSegment":0,"Id":436,"Index":0,"Name":"PC_HORAIRE_ITEM","Parent":0,"Usage":null},{"DocumentId":10,"GroupId":99,"FirstSegment":0,"Id":437,"Index":0,"Name":"PC_DESTINATIONQTE","Parent":0,"Usage":null},{"DocumentId":10,"GroupId":99,"FirstSegment":0,"Id":438,"Index":0,"Name":"PC_DATES_DETAIL","Parent":0,"Usage":null},{"DocumentId":10,"GroupId":99,"FirstSegment":0,"Id":439,"Index":0,"Name":"PC_COMMODITY","Parent":0,"Usage":null},{"DocumentId":10,"GroupId":99,"FirstSegment":0,"Id":440,"Index":0,"Name":"PC_TAX_INFO_ITEM","Parent":0,"Usage":null},{"DocumentId":10,"GroupId":100,"FirstSegment":0,"Id":441,"Index":0,"Name":"PC_REF_MES_ITM","Parent":0,"Usage":null},{"DocumentId":10,"GroupId":100,"FirstSegment":0,"Id":442,"Index":0,"Name":"PC_MESSAGE_DET","Parent":0,"Usage":null},{"DocumentId":10,"GroupId":101,"FirstSegment":0,"Id":443,"Index":0,"Name":"PC_REF_DETAIL","Parent":0,"Usage":null},{"DocumentId":10,"GroupId":102,"FirstSegment":0,"Id":444,"Index":0,"Name":"PC_NOM_ITM","Parent":0,"Usage":null},{"DocumentId":10,"GroupId":102,"FirstSegment":0,"Id":445,"Index":0,"Name":"PC_NOM_SUP_ITM","Parent":0,"Usage":null},{"DocumentId":10,"GroupId":102,"FirstSegment":0,"Id":446,"Index":0,"Name":"PC_ADRESSE_ITM","Parent":0,"Usage":null},{"DocumentId":10,"GroupId":102,"FirstSegment":0,"Id":447,"Index":0,"Name":"PC_NOM_LOCGEO_ITM","Parent":0,"Usage":null},{"DocumentId":10,"GroupId":102,"FirstSegment":0,"Id":448,"Index":0,"Name":"PC_REF_NOMS_ITM","Parent":0,"Usage":null},{"DocumentId":10,"GroupId":103,"FirstSegment":0,"Id":449,"Index":0,"Name":"PC_SOUS_ITEM","Parent":0,"Usage":null},{"DocumentId":10,"GroupId":103,"FirstSegment":0,"Id":450,"Index":0,"Name":"PC_CODE_SOUS_ITEM","Parent":0,"Usage":null},{"DocumentId":10,"GroupId":103,"FirstSegment":0,"Id":451,"Index":0,"Name":"PC_COUT_SOUS_ITEM","Parent":0,"Usage":null},{"DocumentId":10,"GroupId":103,"FirstSegment":0,"Id":452,"Index":0,"Name":"PC_DESC_SOUS_ITEM","Parent":0,"Usage":null},{"DocumentId":10,"GroupId":104,"FirstSegment":0,"Id":453,"Index":0,"Name":"PC_REF_MESS_SITEM","Parent":0,"Usage":null},{"DocumentId":10,"GroupId":104,"FirstSegment":0,"Id":454,"Index":0,"Name":"PC_MESSAGE_SITEM","Parent":0,"Usage":null},{"DocumentId":10,"GroupId":105,"FirstSegment":0,"Id":455,"Index":0,"Name":"PC_AMT_DETAIL","Parent":0,"Usage":null},{"DocumentId":10,"GroupId":105,"FirstSegment":0,"Id":456,"Index":0,"Name":"PC_REF_AMT_DETAIL","Parent":0,"Usage":null},{"DocumentId":11,"GroupId":106,"FirstSegment":0,"Id":457,"Index":0,"Name":"SYS","Parent":0,"Usage":null},{"DocumentId":11,"GroupId":106,"FirstSegment":0,"Id":458,"Index":0,"Name":"TX_ENTETE","Parent":0,"Usage":null},{"DocumentId":11,"GroupId":106,"FirstSegment":0,"Id":459,"Index":0,"Name":"TX_DATES","Parent":0,"Usage":null},{"DocumentId":11,"GroupId":107,"FirstSegment":0,"Id":460,"Index":0,"Name":"TX_NOMS","Parent":0,"Usage":null},{"DocumentId":11,"GroupId":107,"FirstSegment":0,"Id":461,"Index":0,"Name":"TX_REF","Parent":0,"Usage":null},{"DocumentId":11,"GroupId":108,"FirstSegment":0,"Id":462,"Index":0,"Name":"TX_COM_CONTACT","Parent":0,"Usage":null},{"DocumentId":11,"GroupId":108,"FirstSegment":0,"Id":463,"Index":0,"Name":"TX_ENTITE_COM","Parent":0,"Usage":null},{"DocumentId":11,"GroupId":109,"FirstSegment":0,"Id":464,"Index":0,"Name":"TX_MSG_ID","Parent":0,"Usage":null},{"DocumentId":11,"GroupId":109,"FirstSegment":0,"Id":465,"Index":0,"Name":"TX_MSG","Parent":0,"Usage":null},{"DocumentId":11,"GroupId":110,"FirstSegment":0,"Id":466,"Index":0,"Name":"TX_NOMS_DETAIL","Parent":0,"Usage":null},{"DocumentId":11,"GroupId":110,"FirstSegment":0,"Id":467,"Index":0,"Name":"TX_ADRESS_SUP_DET","Parent":0,"Usage":null},{"DocumentId":11,"GroupId":110,"FirstSegment":0,"Id":468,"Index":0,"Name":"TX_LOC_GEO_DET","Parent":0,"Usage":null},{"DocumentId":11,"GroupId":110,"FirstSegment":0,"Id":469,"Index":0,"Name":"TX_REF_DETAIL","Parent":0,"Usage":null},{"DocumentId":11,"GroupId":111,"FirstSegment":0,"Id":470,"Index":0,"Name":"TX_COM_CONTCT_DET","Parent":0,"Usage":null},{"DocumentId":11,"GroupId":111,"FirstSegment":0,"Id":471,"Index":0,"Name":"TX_ENTITE_COM_DET","Parent":0,"Usage":null},{"DocumentId":12,"GroupId":112,"FirstSegment":0,"Id":472,"Index":0,"Name":"SYS","Parent":0,"Usage":null},{"DocumentId":12,"GroupId":112,"FirstSegment":0,"Id":473,"Index":0,"Name":"PO_ENTETE","Parent":0,"Usage":null},{"DocumentId":12,"GroupId":112,"FirstSegment":0,"Id":474,"Index":0,"Name":"PO_REF","Parent":0,"Usage":null},{"DocumentId":12,"GroupId":112,"FirstSegment":0,"Id":475,"Index":0,"Name":"PO_TAXE_EXEMPT","Parent":0,"Usage":null},{"DocumentId":12,"GroupId":112,"FirstSegment":0,"Id":476,"Index":0,"Name":"PO_CSH_INFO","Parent":0,"Usage":null},{"DocumentId":12,"GroupId":112,"FirstSegment":0,"Id":477,"Index":0,"Name":"PO_DATES","Parent":0,"Usage":null},{"DocumentId":12,"GroupId":112,"FirstSegment":0,"Id":478,"Index":0,"Name":"PO_MESURES","Parent":0,"Usage":null},{"DocumentId":12,"GroupId":112,"FirstSegment":0,"Id":479,"Index":0,"Name":"PO_PAQUET","Parent":0,"Usage":null},{"DocumentId":12,"GroupId":112,"FirstSegment":0,"Id":480,"Index":0,"Name":"PO_TRANSPORTEUR","Parent":0,"Usage":null},{"DocumentId":12,"GroupId":112,"FirstSegment":0,"Id":481,"Index":0,"Name":"PO_TRANSP_EQUIPMT","Parent":0,"Usage":null},{"DocumentId":12,"GroupId":112,"FirstSegment":0,"Id":482,"Index":0,"Name":"PO_TRANSP_SPECIAL","Parent":0,"Usage":null},{"DocumentId":12,"GroupId":112,"FirstSegment":0,"Id":483,"Index":0,"Name":"PO_MAN_ENTETE","Parent":0,"Usage":null},{"DocumentId":12,"GroupId":112,"FirstSegment":0,"Id":484,"Index":0,"Name":"PO_RESTRICTION","Parent":0,"Usage":null},{"DocumentId":12,"GroupId":112,"FirstSegment":0,"Id":485,"Index":0,"Name":"PO_FOB_INFO","Parent":0,"Usage":null},{"DocumentId":12,"GroupId":112,"FirstSegment":0,"Id":486,"Index":0,"Name":"PO_SAC_ENTETE","Parent":0,"Usage":null},{"DocumentId":12,"GroupId":112,"FirstSegment":0,"Id":487,"Index":0,"Name":"PO_TERME_ENTETE","Parent":0,"Usage":null},{"DocumentId":12,"GroupId":112,"FirstSegment":0,"Id":488,"Index":0,"Name":"PO_TRANSPORTEURN1","Parent":0,"Usage":null},{"DocumentId":12,"GroupId":112,"FirstSegment":0,"Id":489,"Index":0,"Name":"PO_PAQUET_N1","Parent":0,"Usage":null},{"DocumentId":12,"GroupId":112,"FirstSegment":0,"Id":490,"Index":0,"Name":"PO_SOMM_TAXE","Parent":0,"Usage":null},{"DocumentId":12,"GroupId":113,"FirstSegment":0,"Id":491,"Index":0,"Name":"PO_COM_CONTACT","Parent":0,"Usage":null},{"DocumentId":12,"GroupId":113,"FirstSegment":0,"Id":492,"Index":0,"Name":"PO_ENTITE_COM","Parent":0,"Usage":null},{"DocumentId":12,"GroupId":114,"FirstSegment":0,"Id":493,"Index":0,"Name":"PO_REF_MESSAGE","Parent":0,"Usage":null},{"DocumentId":12,"GroupId":114,"FirstSegment":0,"Id":494,"Index":0,"Name":"PO_MESSAGE_ENTETE","Parent":0,"Usage":null},{"DocumentId":12,"GroupId":115,"FirstSegment":0,"Id":495,"Index":0,"Name":"PO_AMT_ENTETE","Parent":0,"Usage":null},{"DocumentId":12,"GroupId":115,"FirstSegment":0,"Id":496,"Index":0,"Name":"PO_REF_AMT_ENTETE","Parent":0,"Usage":null},{"DocumentId":12,"GroupId":116,"FirstSegment":0,"Id":497,"Index":0,"Name":"PO_NOMS","Parent":0,"Usage":null},{"DocumentId":12,"GroupId":116,"FirstSegment":0,"Id":498,"Index":0,"Name":"PO_NOM_SUP","Parent":0,"Usage":null},{"DocumentId":12,"GroupId":116,"FirstSegment":0,"Id":499,"Index":0,"Name":"PO_ADRESSE_SUP","Parent":0,"Usage":null},{"DocumentId":12,"GroupId":116,"FirstSegment":0,"Id":500,"Index":0,"Name":"PO_NOM_LOC_GEO","Parent":0,"Usage":null},{"DocumentId":12,"GroupId":116,"FirstSegment":0,"Id":501,"Index":0,"Name":"PO_REF_NOMS","Parent":0,"Usage":null},{"DocumentId":12,"GroupId":116,"FirstSegment":0,"Id":502,"Index":0,"Name":"PO_FOB_INFO_N1","Parent":0,"Usage":null},{"DocumentId":12,"GroupId":116,"FirstSegment":0,"Id":503,"Index":0,"Name":"PO_FTRANSPORTEURN1","Parent":0,"Usage":null},{"DocumentId":12,"GroupId":117,"FirstSegment":0,"Id":504,"Index":0,"Name":"PO_NOM_CONTACT","Parent":0,"Usage":null},{"DocumentId":12,"GroupId":117,"FirstSegment":0,"Id":505,"Index":0,"Name":"PO_NOM_ENTITE_COM","Parent":0,"Usage":null},{"DocumentId":12,"GroupId":118,"FirstSegment":0,"Id":506,"Index":0,"Name":"PO_ITEM","Parent":0,"Usage":null},{"DocumentId":12,"GroupId":118,"FirstSegment":0,"Id":507,"Index":0,"Name":"PO_CODEPRODUIT","Parent":0,"Usage":null},{"DocumentId":12,"GroupId":118,"FirstSegment":0,"Id":508,"Index":0,"Name":"PO_DETAIL_ADD","Parent":0,"Usage":null},{"DocumentId":12,"GroupId":118,"FirstSegment":0,"Id":509,"Index":0,"Name":"PO_ITEM_DESC","Parent":0,"Usage":null},{"DocumentId":12,"GroupId":118,"FirstSegment":0,"Id":510,"Index":0,"Name":"PO_ITEM_MESURE","Parent":0,"Usage":null},{"DocumentId":12,"GroupId":118,"FirstSegment":0,"Id":511,"Index":0,"Name":"PO_ITEM_PHYS_DET","Parent":0,"Usage":null},{"DocumentId":12,"GroupId":118,"FirstSegment":0,"Id":512,"Index":0,"Name":"PO_SAC_DETAIL","Parent":0,"Usage":null},{"DocumentId":12,"GroupId":118,"FirstSegment":0,"Id":513,"Index":0,"Name":"PO_COUT_ITEM","Parent":0,"Usage":null},{"DocumentId":12,"GroupId":118,"FirstSegment":0,"Id":514,"Index":0,"Name":"PO_MAN_ITEM","Parent":0,"Usage":null},{"DocumentId":12,"GroupId":118,"FirstSegment":0,"Id":515,"Index":0,"Name":"PO_ITEM_TAXE","Parent":0,"Usage":null},{"DocumentId":12,"GroupId":118,"FirstSegment":0,"Id":516,"Index":0,"Name":"PO_HORAIRE_ITEM","Parent":0,"Usage":null},{"DocumentId":12,"GroupId":118,"FirstSegment":0,"Id":517,"Index":0,"Name":"PO_PAQUET_ITEM","Parent":0,"Usage":null},{"DocumentId":12,"GroupId":118,"FirstSegment":0,"Id":518,"Index":0,"Name":"PO_TERME_DETAIL","Parent":0,"Usage":null},{"DocumentId":12,"GroupId":118,"FirstSegment":0,"Id":519,"Index":0,"Name":"PO_DESTINATIONQTE","Parent":0,"Usage":null},{"DocumentId":12,"GroupId":118,"FirstSegment":0,"Id":520,"Index":0,"Name":"PO_COMMODITY_ITEM","Parent":0,"Usage":null},{"DocumentId":12,"GroupId":118,"FirstSegment":0,"Id":521,"Index":0,"Name":"PO_DATES_DETAIL","Parent":0,"Usage":null},{"DocumentId":12,"GroupId":118,"FirstSegment":0,"Id":522,"Index":0,"Name":"PO_ITEM_TRANSPORT","Parent":0,"Usage":null},{"DocumentId":12,"GroupId":119,"FirstSegment":0,"Id":523,"Index":0,"Name":"PO_NOM_CONT_ITM","Parent":0,"Usage":null},{"DocumentId":12,"GroupId":119,"FirstSegment":0,"Id":524,"Index":0,"Name":"PO_ENTITE_COM_ITM","Parent":0,"Usage":null},{"DocumentId":12,"GroupId":120,"FirstSegment":0,"Id":525,"Index":0,"Name":"PO_REF_MES_ITM","Parent":0,"Usage":null},{"DocumentId":12,"GroupId":120,"FirstSegment":0,"Id":526,"Index":0,"Name":"PO_MESSAGE_DET","Parent":0,"Usage":null},{"DocumentId":12,"GroupId":121,"FirstSegment":0,"Id":527,"Index":0,"Name":"PO_NOMS_ITM","Parent":0,"Usage":null},{"DocumentId":12,"GroupId":121,"FirstSegment":0,"Id":528,"Index":0,"Name":"PO_NOM_SUP_ITM","Parent":0,"Usage":null},{"DocumentId":12,"GroupId":121,"FirstSegment":0,"Id":529,"Index":0,"Name":"PO_ADRESSE_SUP_ITM","Parent":0,"Usage":null},{"DocumentId":12,"GroupId":121,"FirstSegment":0,"Id":530,"Index":0,"Name":"PO_NOM_LOCGEO_ITM","Parent":0,"Usage":null},{"DocumentId":12,"GroupId":121,"FirstSegment":0,"Id":531,"Index":0,"Name":"PO_REF_NOMS_ITM","Parent":0,"Usage":null},{"DocumentId":12,"GroupId":121,"FirstSegment":0,"Id":532,"Index":0,"Name":"PO_PAQUET_ITM_N1","Parent":0,"Usage":null},{"DocumentId":12,"GroupId":122,"FirstSegment":0,"Id":533,"Index":0,"Name":"PO_CONTACT_N1_ITM","Parent":0,"Usage":null},{"DocumentId":12,"GroupId":122,"FirstSegment":0,"Id":534,"Index":0,"Name":"PO_COMM_N1_ITM","Parent":0,"Usage":null},{"DocumentId":12,"GroupId":123,"FirstSegment":0,"Id":535,"Index":0,"Name":"PO_REF_DETAIL","Parent":0,"Usage":null},{"DocumentId":12,"GroupId":124,"FirstSegment":0,"Id":536,"Index":0,"Name":"PO_SOUS_ITEM","Parent":0,"Usage":null},{"DocumentId":12,"GroupId":124,"FirstSegment":0,"Id":537,"Index":0,"Name":"PO_CODE_SOUS_ITEM","Parent":0,"Usage":null},{"DocumentId":12,"GroupId":124,"FirstSegment":0,"Id":538,"Index":0,"Name":"PO_DESC_SOUS_ITEM","Parent":0,"Usage":null},{"DocumentId":12,"GroupId":124,"FirstSegment":0,"Id":539,"Index":0,"Name":"PO_COUT_SOUS_ITEM","Parent":0,"Usage":null},{"DocumentId":12,"GroupId":124,"FirstSegment":0,"Id":540,"Index":0,"Name":"PO_SS_ITM_PHS_DET","Parent":0,"Usage":null},{"DocumentId":12,"GroupId":124,"FirstSegment":0,"Id":541,"Index":0,"Name":"PO_SS_ITM_SAC_DET","Parent":0,"Usage":null},{"DocumentId":12,"GroupId":125,"FirstSegment":0,"Id":542,"Index":0,"Name":"PO_REF_MES_SS_ITMT","Parent":0,"Usage":null},{"DocumentId":12,"GroupId":125,"FirstSegment":0,"Id":543,"Index":0,"Name":"PO_MES_SS_ITM_DET","Parent":0,"Usage":null},{"DocumentId":12,"GroupId":126,"FirstSegment":0,"Id":544,"Index":0,"Name":"PO_AMT_DETAIL","Parent":0,"Usage":null},{"DocumentId":12,"GroupId":126,"FirstSegment":0,"Id":545,"Index":0,"Name":"PO_REF_AMT_DETAIL","Parent":0,"Usage":null},{"DocumentId":13,"GroupId":127,"FirstSegment":0,"Id":546,"Index":0,"Name":"SYS","Parent":0,"Usage":null},{"DocumentId":13,"GroupId":127,"FirstSegment":0,"Id":547,"Index":0,"Name":"FACT_ENTETE","Parent":0,"Usage":null},{"DocumentId":13,"GroupId":127,"FirstSegment":0,"Id":548,"Index":0,"Name":"FACT_MESSAGES","Parent":0,"Usage":null},{"DocumentId":13,"GroupId":127,"FirstSegment":0,"Id":549,"Index":0,"Name":"FACT_REF","Parent":0,"Usage":null},{"DocumentId":13,"GroupId":127,"FirstSegment":0,"Id":550,"Index":0,"Name":"FACT_YNQ","Parent":0,"Usage":null},{"DocumentId":13,"GroupId":127,"FirstSegment":0,"Id":551,"Index":0,"Name":"FACT_TERME_PMENT","Parent":0,"Usage":null},{"DocumentId":13,"GroupId":127,"FirstSegment":0,"Id":552,"Index":0,"Name":"FACT_DATES","Parent":0,"Usage":null},{"DocumentId":13,"GroupId":127,"FirstSegment":0,"Id":553,"Index":0,"Name":"FACT_FOB","Parent":0,"Usage":null},{"DocumentId":13,"GroupId":127,"FirstSegment":0,"Id":554,"Index":0,"Name":"FACT_MESURES","Parent":0,"Usage":null},{"DocumentId":13,"GroupId":127,"FirstSegment":0,"Id":555,"Index":0,"Name":"FACT_SOMM_TAXE","Parent":0,"Usage":null},{"DocumentId":13,"GroupId":127,"FirstSegment":0,"Id":556,"Index":0,"Name":"FACT_SOMM_LIVRAIS","Parent":0,"Usage":null},{"DocumentId":13,"GroupId":127,"FirstSegment":0,"Id":557,"Index":0,"Name":"FACT_SOMMAIRE","Parent":0,"Usage":null},{"DocumentId":13,"GroupId":128,"FirstSegment":0,"Id":558,"Index":0,"Name":"FACT_COM_CONTACT","Parent":0,"Usage":null},{"DocumentId":13,"GroupId":128,"FirstSegment":0,"Id":559,"Index":0,"Name":"FACT_ENTITE_COM","Parent":0,"Usage":null},{"DocumentId":13,"GroupId":129,"FirstSegment":0,"Id":560,"Index":0,"Name":"FACT_NOM","Parent":0,"Usage":null},{"DocumentId":13,"GroupId":129,"FirstSegment":0,"Id":561,"Index":0,"Name":"FACT_NOM_SUP","Parent":0,"Usage":null},{"DocumentId":13,"GroupId":129,"FirstSegment":0,"Id":562,"Index":0,"Name":"FACT_ADRESSE_SUP","Parent":0,"Usage":null},{"DocumentId":13,"GroupId":129,"FirstSegment":0,"Id":563,"Index":0,"Name":"FACT_NOM_LOC_GEO","Parent":0,"Usage":null},{"DocumentId":13,"GroupId":129,"FirstSegment":0,"Id":564,"Index":0,"Name":"FACT_NOM_REF","Parent":0,"Usage":null},{"DocumentId":13,"GroupId":130,"FirstSegment":0,"Id":565,"Index":0,"Name":"FACT_NOM_CONTACT","Parent":0,"Usage":null},{"DocumentId":13,"GroupId":130,"FirstSegment":0,"Id":566,"Index":0,"Name":"FACT_NOM_ENTITE_COM","Parent":0,"Usage":null},{"DocumentId":13,"GroupId":131,"FirstSegment":0,"Id":567,"Index":0,"Name":"FACT_REF_MESSAGE","Parent":0,"Usage":null},{"DocumentId":13,"GroupId":131,"FirstSegment":0,"Id":568,"Index":0,"Name":"FACT_MESSAGE_ENTETE","Parent":0,"Usage":null},{"DocumentId":13,"GroupId":132,"FirstSegment":0,"Id":569,"Index":0,"Name":"FACT_ITEM","Parent":0,"Usage":null},{"DocumentId":13,"GroupId":132,"FirstSegment":0,"Id":570,"Index":0,"Name":"FACT_ITEM_QTY","Parent":0,"Usage":null},{"DocumentId":13,"GroupId":132,"FirstSegment":0,"Id":571,"Index":0,"Name":"FACT_ITEM_PRIX","Parent":0,"Usage":null},{"DocumentId":13,"GroupId":132,"FirstSegment":0,"Id":572,"Index":0,"Name":"FACT_ITEM_PAM","Parent":0,"Usage":null},{"DocumentId":13,"GroupId":132,"FirstSegment":0,"Id":573,"Index":0,"Name":"FACT_ITEM_MESURE","Parent":0,"Usage":null},{"DocumentId":13,"GroupId":132,"FirstSegment":0,"Id":574,"Index":0,"Name":"FACT_ITEM_DESC","Parent":0,"Usage":null},{"DocumentId":13,"GroupId":132,"FirstSegment":0,"Id":575,"Index":0,"Name":"FACT_ITEM_TAXE","Parent":0,"Usage":null},{"DocumentId":13,"GroupId":132,"FirstSegment":0,"Id":576,"Index":0,"Name":"FACT_ITEM_TERME","Parent":0,"Usage":null},{"DocumentId":13,"GroupId":132,"FirstSegment":0,"Id":577,"Index":0,"Name":"FACT_CODE_PRODUIT","Parent":0,"Usage":null},{"DocumentId":13,"GroupId":132,"FirstSegment":0,"Id":578,"Index":0,"Name":"FACT_ITEM_REF","Parent":0,"Usage":null},{"DocumentId":13,"GroupId":132,"FirstSegment":0,"Id":579,"Index":0,"Name":"FACT_ITEM_DESTINQTE","Parent":0,"Usage":null},{"DocumentId":13,"GroupId":132,"FirstSegment":0,"Id":580,"Index":0,"Name":"FACT_ITEM_DATES","Parent":0,"Usage":null},{"DocumentId":13,"GroupId":132,"FirstSegment":0,"Id":581,"Index":0,"Name":"FACT_ITEM_CAD","Parent":0,"Usage":null},{"DocumentId":13,"GroupId":133,"FirstSegment":0,"Id":582,"Index":0,"Name":"FACT_ITEM_NOM","Parent":0,"Usage":null},{"DocumentId":13,"GroupId":133,"FirstSegment":0,"Id":583,"Index":0,"Name":"FACT_ITEM_ADRESSE","Parent":0,"Usage":null},{"DocumentId":13,"GroupId":133,"FirstSegment":0,"Id":584,"Index":0,"Name":"FACT_ITEM_LOC_GEO","Parent":0,"Usage":null},{"DocumentId":13,"GroupId":134,"FirstSegment":0,"Id":585,"Index":0,"Name":"FACT_ALLCHARG_ITEM","Parent":0,"Usage":null},{"DocumentId":13,"GroupId":134,"FirstSegment":0,"Id":586,"Index":0,"Name":"FACT_ITEM_SAC_TAXE","Parent":0,"Usage":null},{"DocumentId":13,"GroupId":135,"FirstSegment":0,"Id":587,"Index":0,"Name":"FACT_SOUS_ITEM","Parent":0,"Usage":null},{"DocumentId":13,"GroupId":135,"FirstSegment":0,"Id":588,"Index":0,"Name":"FACT_CODE_SOUS_ITEM","Parent":0,"Usage":null},{"DocumentId":13,"GroupId":136,"FirstSegment":0,"Id":589,"Index":0,"Name":"FACT_SLN_ID","Parent":0,"Usage":null},{"DocumentId":13,"GroupId":136,"FirstSegment":0,"Id":590,"Index":0,"Name":"FACT_BATCH_CODE","Parent":0,"Usage":null},{"DocumentId":13,"GroupId":136,"FirstSegment":0,"Id":591,"Index":0,"Name":"FACT_BATCH_UNIT","Parent":0,"Usage":null},{"DocumentId":13,"GroupId":136,"FirstSegment":0,"Id":592,"Index":0,"Name":"FACT_BATCH_REF","Parent":0,"Usage":null},{"DocumentId":13,"GroupId":136,"FirstSegment":0,"Id":593,"Index":0,"Name":"FACT_BATCH_MEASURE","Parent":0,"Usage":null},{"DocumentId":13,"GroupId":136,"FirstSegment":0,"Id":594,"Index":0,"Name":"FACT_BATCH_DATES","Parent":0,"Usage":null},{"DocumentId":13,"GroupId":137,"FirstSegment":0,"Id":595,"Index":0,"Name":"FACT_SOMM_SAC","Parent":0,"Usage":null},{"DocumentId":13,"GroupId":137,"FirstSegment":0,"Id":596,"Index":0,"Name":"FACT_SOMM_SAC_TAXE","Parent":0,"Usage":null},{"DocumentId":14,"GroupId":138,"FirstSegment":0,"Id":597,"Index":0,"Name":"SYS","Parent":0,"Usage":null},{"DocumentId":14,"GroupId":138,"FirstSegment":0,"Id":598,"Index":0,"Name":"OW_ENTETE","Parent":0,"Usage":null},{"DocumentId":14,"GroupId":138,"FirstSegment":0,"Id":599,"Index":0,"Name":"OW_REF","Parent":0,"Usage":null},{"DocumentId":14,"GroupId":138,"FirstSegment":0,"Id":600,"Index":0,"Name":"OW_DATES","Parent":0,"Usage":null},{"DocumentId":14,"GroupId":138,"FirstSegment":0,"Id":601,"Index":0,"Name":"OW_MESSAGES","Parent":0,"Usage":null},{"DocumentId":14,"GroupId":138,"FirstSegment":0,"Id":602,"Index":0,"Name":"OW_LONG_MESSAGES","Parent":0,"Usage":null},{"DocumentId":14,"GroupId":138,"FirstSegment":0,"Id":603,"Index":0,"Name":"OW_WHS_CARRIER","Parent":0,"Usage":null},{"DocumentId":14,"GroupId":138,"FirstSegment":0,"Id":604,"Index":0,"Name":"OW_SOMMAIRE","Parent":0,"Usage":null},{"DocumentId":14,"GroupId":139,"FirstSegment":0,"Id":605,"Index":0,"Name":"OW_NOM","Parent":0,"Usage":null},{"DocumentId":14,"GroupId":139,"FirstSegment":0,"Id":606,"Index":0,"Name":"OW_NOM_SUP","Parent":0,"Usage":null},{"DocumentId":14,"GroupId":139,"FirstSegment":0,"Id":607,"Index":0,"Name":"OW_ADRESSE","Parent":0,"Usage":null},{"DocumentId":14,"GroupId":139,"FirstSegment":0,"Id":608,"Index":0,"Name":"OW_NOM_LOC_GEO","Parent":0,"Usage":null},{"DocumentId":14,"GroupId":140,"FirstSegment":0,"Id":609,"Index":0,"Name":"OW_NOM_CONTACT","Parent":0,"Usage":null},{"DocumentId":14,"GroupId":140,"FirstSegment":0,"Id":610,"Index":0,"Name":"OW_NOM_ENTITE_COM","Parent":0,"Usage":null},{"DocumentId":14,"GroupId":141,"FirstSegment":0,"Id":611,"Index":0,"Name":"OW_COM_CONTACT","Parent":0,"Usage":null},{"DocumentId":14,"GroupId":141,"FirstSegment":0,"Id":612,"Index":0,"Name":"OW_ENTITE_COM","Parent":0,"Usage":null},{"DocumentId":14,"GroupId":142,"FirstSegment":0,"Id":613,"Index":0,"Name":"OW_ENTETE_ITEM","Parent":0,"Usage":null},{"DocumentId":14,"GroupId":143,"FirstSegment":0,"Id":614,"Index":0,"Name":"OW_INFO_ITEM","Parent":0,"Usage":null},{"DocumentId":14,"GroupId":143,"FirstSegment":0,"Id":615,"Index":0,"Name":"OW_ITEM_NOTE","Parent":0,"Usage":null},{"DocumentId":14,"GroupId":143,"FirstSegment":0,"Id":616,"Index":0,"Name":"OW_ITEM_PHYS_DET","Parent":0,"Usage":null},{"DocumentId":14,"GroupId":143,"FirstSegment":0,"Id":617,"Index":0,"Name":"OW_ITEM_AMOUNT","Parent":0,"Usage":null},{"DocumentId":14,"GroupId":143,"FirstSegment":0,"Id":618,"Index":0,"Name":"OW_ITEM_DATES","Parent":0,"Usage":null},{"DocumentId":14,"GroupId":143,"FirstSegment":0,"Id":619,"Index":0,"Name":"OW_CODE_PRODUIT","Parent":0,"Usage":null},{"DocumentId":14,"GroupId":143,"FirstSegment":0,"Id":620,"Index":0,"Name":"OW_DESC_ITEM","Parent":0,"Usage":null},{"DocumentId":14,"GroupId":143,"FirstSegment":0,"Id":621,"Index":0,"Name":"OW_REF_ITEM","Parent":0,"Usage":null},{"DocumentId":14,"GroupId":143,"FirstSegment":0,"Id":622,"Index":0,"Name":"OW_DESTINATIONQTE","Parent":0,"Usage":null},{"DocumentId":14,"GroupId":144,"FirstSegment":0,"Id":623,"Index":0,"Name":"OW_ITM_NOM","Parent":0,"Usage":null},{"DocumentId":14,"GroupId":144,"FirstSegment":0,"Id":624,"Index":0,"Name":"OW_ITM_NOM_SUP","Parent":0,"Usage":null},{"DocumentId":14,"GroupId":144,"FirstSegment":0,"Id":625,"Index":0,"Name":"OW_ITM_NOM_ADRESSE","Parent":0,"Usage":null},{"DocumentId":14,"GroupId":144,"FirstSegment":0,"Id":626,"Index":0,"Name":"OW_ITM_NOM_LOC_GEO","Parent":0,"Usage":null},{"DocumentId":14,"GroupId":145,"FirstSegment":0,"Id":627,"Index":0,"Name":"OW_SOUS_ITEM","Parent":0,"Usage":null},{"DocumentId":14,"GroupId":145,"FirstSegment":0,"Id":628,"Index":0,"Name":"OW_CODE_SOUS_ITEM","Parent":0,"Usage":null},{"DocumentId":14,"GroupId":145,"FirstSegment":0,"Id":629,"Index":0,"Name":"OW_DESC_SOUS_ITEM","Parent":0,"Usage":null},{"DocumentId":14,"GroupId":145,"FirstSegment":0,"Id":630,"Index":0,"Name":"OW_DATES_S_ITEM","Parent":0,"Usage":null},{"DocumentId":15,"GroupId":146,"FirstSegment":0,"Id":631,"Index":0,"Name":"SYS","Parent":0,"Usage":null},{"DocumentId":15,"GroupId":146,"FirstSegment":0,"Id":632,"Index":0,"Name":"AR_ENTETE","Parent":0,"Usage":null},{"DocumentId":15,"GroupId":146,"FirstSegment":0,"Id":633,"Index":0,"Name":"AR_REFERENCE","Parent":0,"Usage":null},{"DocumentId":15,"GroupId":146,"FirstSegment":0,"Id":634,"Index":0,"Name":"AR_DATE","Parent":0,"Usage":null},{"DocumentId":15,"GroupId":146,"FirstSegment":0,"Id":635,"Index":0,"Name":"AR_MESSAGE","Parent":0,"Usage":null},{"DocumentId":15,"GroupId":146,"FirstSegment":0,"Id":636,"Index":0,"Name":"AR_TRANSPORTEUR","Parent":0,"Usage":null},{"DocumentId":15,"GroupId":146,"FirstSegment":0,"Id":637,"Index":0,"Name":"AR_TRANSPORT_ADD","Parent":0,"Usage":null},{"DocumentId":15,"GroupId":146,"FirstSegment":0,"Id":638,"Index":0,"Name":"AR_SOMMAIRE","Parent":0,"Usage":null},{"DocumentId":15,"GroupId":147,"FirstSegment":0,"Id":639,"Index":0,"Name":"AR_NOM","Parent":0,"Usage":null},{"DocumentId":15,"GroupId":147,"FirstSegment":0,"Id":640,"Index":0,"Name":"AR_NOM_SUP","Parent":0,"Usage":null},{"DocumentId":15,"GroupId":147,"FirstSegment":0,"Id":641,"Index":0,"Name":"AR_ADRESSE","Parent":0,"Usage":null},{"DocumentId":15,"GroupId":147,"FirstSegment":0,"Id":642,"Index":0,"Name":"AR_NOM_LOC_GEO","Parent":0,"Usage":null},{"DocumentId":15,"GroupId":148,"FirstSegment":0,"Id":643,"Index":0,"Name":"AR_ENTETE_ITEM","Parent":0,"Usage":null},{"DocumentId":15,"GroupId":148,"FirstSegment":0,"Id":644,"Index":0,"Name":"AR_CODE_PRODUIT","Parent":0,"Usage":null},{"DocumentId":15,"GroupId":148,"FirstSegment":0,"Id":645,"Index":0,"Name":"AR_DESC_ITEM","Parent":0,"Usage":null},{"DocumentId":15,"GroupId":148,"FirstSegment":0,"Id":646,"Index":0,"Name":"AR_REF_ITEM","Parent":0,"Usage":null},{"DocumentId":15,"GroupId":148,"FirstSegment":0,"Id":647,"Index":0,"Name":"AR_AUTRE_INFO_ITEM","Parent":0,"Usage":null},{"DocumentId":16,"GroupId":149,"FirstSegment":0,"Id":648,"Index":0,"Name":"SYS","Parent":0,"Usage":null},{"DocumentId":16,"GroupId":149,"FirstSegment":0,"Id":649,"Index":0,"Name":"RE_ENTETE","Parent":0,"Usage":null},{"DocumentId":16,"GroupId":149,"FirstSegment":0,"Id":650,"Index":0,"Name":"RE_REF","Parent":0,"Usage":null},{"DocumentId":16,"GroupId":149,"FirstSegment":0,"Id":651,"Index":0,"Name":"RE_DATES","Parent":0,"Usage":null},{"DocumentId":16,"GroupId":149,"FirstSegment":0,"Id":652,"Index":0,"Name":"RE_TRANSPORTEUR","Parent":0,"Usage":null},{"DocumentId":16,"GroupId":149,"FirstSegment":0,"Id":653,"Index":0,"Name":"RE_SOMMAIRE","Parent":0,"Usage":null},{"DocumentId":16,"GroupId":150,"FirstSegment":0,"Id":654,"Index":0,"Name":"RE_NOM","Parent":0,"Usage":null},{"DocumentId":16,"GroupId":150,"FirstSegment":0,"Id":655,"Index":0,"Name":"RE_NOM_SUP","Parent":0,"Usage":null},{"DocumentId":16,"GroupId":150,"FirstSegment":0,"Id":656,"Index":0,"Name":"RE_ADRESSE","Parent":0,"Usage":null},{"DocumentId":16,"GroupId":150,"FirstSegment":0,"Id":657,"Index":0,"Name":"RE_NOM_LOC_GEO","Parent":0,"Usage":null},{"DocumentId":16,"GroupId":151,"FirstSegment":0,"Id":658,"Index":0,"Name":"RE_ENTETE_ITEM","Parent":0,"Usage":null},{"DocumentId":16,"GroupId":151,"FirstSegment":0,"Id":659,"Index":0,"Name":"RE_CODE_PRODUIT","Parent":0,"Usage":null},{"DocumentId":16,"GroupId":151,"FirstSegment":0,"Id":660,"Index":0,"Name":"RE_DESC_ITEM","Parent":0,"Usage":null},{"DocumentId":16,"GroupId":151,"FirstSegment":0,"Id":661,"Index":0,"Name":"RE_AUTRE_INFO_ITEM","Parent":0,"Usage":null},{"DocumentId":16,"GroupId":152,"FirstSegment":0,"Id":662,"Index":0,"Name":"RE_ITEM_EXCEPTION","Parent":0,"Usage":null},{"DocumentId":17,"GroupId":153,"FirstSegment":0,"Id":663,"Index":0,"Name":"SYS","Parent":0,"Usage":null},{"DocumentId":17,"GroupId":153,"FirstSegment":0,"Id":664,"Index":0,"Name":"SW_ENTETE","Parent":0,"Usage":null},{"DocumentId":17,"GroupId":153,"FirstSegment":0,"Id":665,"Index":0,"Name":"SW_REF","Parent":0,"Usage":null},{"DocumentId":17,"GroupId":153,"FirstSegment":0,"Id":666,"Index":0,"Name":"SW_DATES","Parent":0,"Usage":null},{"DocumentId":17,"GroupId":153,"FirstSegment":0,"Id":667,"Index":0,"Name":"SW_DTM_DATES","Parent":0,"Usage":null},{"DocumentId":17,"GroupId":153,"FirstSegment":0,"Id":668,"Index":0,"Name":"SW_MESSAGES","Parent":0,"Usage":null},{"DocumentId":17,"GroupId":153,"FirstSegment":0,"Id":669,"Index":0,"Name":"SW_TRANSPORTEUR","Parent":0,"Usage":null},{"DocumentId":17,"GroupId":153,"FirstSegment":0,"Id":670,"Index":0,"Name":"SW_TRANSP_SUPP","Parent":0,"Usage":null},{"DocumentId":17,"GroupId":153,"FirstSegment":0,"Id":671,"Index":0,"Name":"SW_SAC_ENTETE","Parent":0,"Usage":null},{"DocumentId":17,"GroupId":153,"FirstSegment":0,"Id":672,"Index":0,"Name":"SW_SOMMAIRE","Parent":0,"Usage":null},{"DocumentId":17,"GroupId":154,"FirstSegment":0,"Id":673,"Index":0,"Name":"SW_NOMS","Parent":0,"Usage":null},{"DocumentId":17,"GroupId":154,"FirstSegment":0,"Id":674,"Index":0,"Name":"SW_ADRESSE_SUP","Parent":0,"Usage":null},{"DocumentId":17,"GroupId":154,"FirstSegment":0,"Id":675,"Index":0,"Name":"SW_NOM_LOC_GEO","Parent":0,"Usage":null},{"DocumentId":17,"GroupId":155,"FirstSegment":0,"Id":676,"Index":0,"Name":"SW_COM_CONTACT","Parent":0,"Usage":null},{"DocumentId":17,"GroupId":155,"FirstSegment":0,"Id":677,"Index":0,"Name":"SW_ENTITE_COM","Parent":0,"Usage":null},{"DocumentId":17,"GroupId":156,"FirstSegment":0,"Id":678,"Index":0,"Name":"SW_ENTETE_ITEM","Parent":0,"Usage":null},{"DocumentId":17,"GroupId":156,"FirstSegment":0,"Id":679,"Index":0,"Name":"SW_MAN_ITEM","Parent":0,"Usage":null},{"DocumentId":17,"GroupId":156,"FirstSegment":0,"Id":680,"Index":0,"Name":"SW_INFO_PALETTE","Parent":0,"Usage":null},{"DocumentId":17,"GroupId":157,"FirstSegment":0,"Id":681,"Index":0,"Name":"SW_INFO_ITEM","Parent":0,"Usage":null},{"DocumentId":17,"GroupId":157,"FirstSegment":0,"Id":682,"Index":0,"Name":"SW_CODEPRODUIT","Parent":0,"Usage":null},{"DocumentId":17,"GroupId":157,"FirstSegment":0,"Id":683,"Index":0,"Name":"SW_DESC_ITEM","Parent":0,"Usage":null},{"DocumentId":17,"GroupId":157,"FirstSegment":0,"Id":684,"Index":0,"Name":"SW_REF_ITEM","Parent":0,"Usage":null},{"DocumentId":17,"GroupId":157,"FirstSegment":0,"Id":685,"Index":0,"Name":"SW_DATE_ITEM","Parent":0,"Usage":null},{"DocumentId":17,"GroupId":157,"FirstSegment":0,"Id":686,"Index":0,"Name":"SW_MESURE_ITEM","Parent":0,"Usage":null},{"DocumentId":17,"GroupId":157,"FirstSegment":0,"Id":687,"Index":0,"Name":"SW_PALETTE_IND","Parent":0,"Usage":null},{"DocumentId":17,"GroupId":158,"FirstSegment":0,"Id":688,"Index":0,"Name":"SW_ITM_NOMS","Parent":0,"Usage":null},{"DocumentId":17,"GroupId":159,"FirstSegment":0,"Id":689,"Index":0,"Name":"SW_SOUS_ITEM","Parent":0,"Usage":null},{"DocumentId":17,"GroupId":159,"FirstSegment":0,"Id":690,"Index":0,"Name":"SW_CODE_SOUS_ITEM","Parent":0,"Usage":null},{"DocumentId":17,"GroupId":159,"FirstSegment":0,"Id":691,"Index":0,"Name":"SW_DESC_SOUS_ITEM","Parent":0,"Usage":null},{"DocumentId":17,"GroupId":159,"FirstSegment":0,"Id":692,"Index":0,"Name":"SW_DATES_S_ITEM","Parent":0,"Usage":null},{"DocumentId":17,"GroupId":160,"FirstSegment":0,"Id":693,"Index":0,"Name":"SW_BATCH_LX","Parent":0,"Usage":null},{"DocumentId":17,"GroupId":160,"FirstSegment":0,"Id":694,"Index":0,"Name":"SW_BATCH_NUM","Parent":0,"Usage":null},{"DocumentId":17,"GroupId":160,"FirstSegment":0,"Id":695,"Index":0,"Name":"SW_BATCH_LOT","Parent":0,"Usage":null},{"DocumentId":17,"GroupId":160,"FirstSegment":0,"Id":696,"Index":0,"Name":"SW_BATCH_QTY","Parent":0,"Usage":null},{"DocumentId":17,"GroupId":160,"FirstSegment":0,"Id":697,"Index":0,"Name":"SW_BATCH_DATE","Parent":0,"Usage":null},{"DocumentId":17,"GroupId":160,"FirstSegment":0,"Id":698,"Index":0,"Name":"SW_BATCH_LOCATION","Parent":0,"Usage":null}]